ID_Venta;ID_Fecha;ID_Producto;ID_Cliente;ID_Vendedor;ID_Tienda;Cantidad;Precio_Lista;Descuento_Pct;Precio_Venta;Ingreso_Bruto;Costo_Total;Margen_Bs;Margen_Pct;Canal_Venta;Metodo_Pago;Estado_Pedido
2;20240820;6;9;5;5;4;1899;0;1899;7596;4829,4;2766,6;36,4;Online;Tarjeta Débito;Completado
12;20230308;2;19;4;5;5;1499,5;0;1499,5;7497,5;3459,15;4038,35;53,9;Online;Efectivo;Completado
22;20230211;12;19;5;2;4;2799;0;2799;11196;5131,88;6064,12;54,2;Online;Efectivo;Completado
25;20230627;4;13;1;4;2;189;0;189;378;231,84;146,16;38,7;Online;Tarjeta Crédito;Completado
54;20241025;13;11;1;4;3;3599;0;3599;10797;5911,47;4885,53;45,2;Online;Tarjeta Crédito;Completado
68;20241110;19;7;4;1;5;2499;0;2499;12495;7241,2;5253,8;42;Online;Tarjeta Débito;Completado
72;20230217;6;16;5;4;3;1899;0;1899;5697;3699,57;1997,43;35,1;Online;Transferencia;Completado
77;20230626;10;18;1;5;4;199;0;199;796;393,96;402,04;50,5;Online;Transferencia;Completado
86;20231213;16;18;1;5;1;1299;0;1299;1299;748,53;550,47;42,4;Online;Tarjeta Débito;Completado
90;20231009;1;15;3;5;2;2999,99;0;2999,99;5999,98;3230,06;2769,92;46,2;Online;QR;Completado
103;20241130;12;2;4;3;2;2799;0;2799;5598;3581,62;2016,38;36;Online;Efectivo;Completado
115;20240122;14;2;3;5;3;549;0;549;1647;775,29;871,71;52,9;Online;Tarjeta Débito;Completado
116;20241214;16;8;1;3;5;1299;0;1299;6495;3072;3423;52,7;Online;QR;Completado
132;20240120;17;3;3;4;4;899;0;899;3596;1659,12;1936,88;53,9;Online;Efectivo;Completado
134;20240913;7;11;5;4;5;4599;0;4599;22995;14752,3;8242,7;35,8;Online;Efectivo;Completado
142;20230214;11;20;2;5;4;3299;0;3299;13196;6366,4;6829,6;51,8;Online;QR;Completado
154;20240301;16;2;6;4;3;1299;0;1299;3897;2336,1;1560,9;40,1;Online;Efectivo;Completado
164;20240504;12;12;4;1;5;2799;0;2799;13995;7779,7;6215,3;44,4;Online;Tarjeta Crédito;Completado
174;20240922;5;6;6;5;5;699;0;699;3495;2161,7;1333,3;38,1;Online;Efectivo;Completado
184;20240701;15;18;3;5;5;399;0;399;1995;949,1;1045,9;52,4;Online;Transferencia;Completado
197;20231026;5;4;5;5;2;699;0;699;1398;643,3;754,7;54;Online;Tarjeta Débito;Completado
200;20230913;18;2;2;4;2;749;0;749;1498;972,86;525,14;35,1;Online;Transferencia;Completado
206;20240914;1;9;6;3;2;2999,99;0;2999,99;5999,98;3501,34;2498,64;41,6;Online;Tarjeta Crédito;Completado
210;20240702;7;19;5;2;2;4599;0;4599;9198;5711,02;3486,98;37,9;Online;Efectivo;Completado
215;20241219;18;5;6;3;1;749;0;749;749;485,78;263,22;35,1;Online;QR;Completado
222;20240622;2;12;6;4;5;1499,5;0;1499,5;7497,5;4418;3079,5;41,1;Online;Tarjeta Débito;Completado
250;20230604;9;10;3;4;2;89;0;89;178;86,06;91,94;51,7;Online;Transferencia;Completado
274;20240622;18;17;1;5;1;749;0;749;749;453,16;295,84;39,5;Online;QR;Completado
316;20230712;1;13;4;5;5;2999,99;0;2999,99;14999,95;7034,15;7965,8;53,1;Online;Tarjeta Débito;Completado
327;20230203;12;19;5;2;5;2799;0;2799;13995;8639,65;5355,35;38,3;Online;QR;Completado
337;20240919;8;6;4;1;1;1099;0;1099;1099;498,96;600,04;54,6;Online;Efectivo;Completado
343;20240615;9;3;6;5;4;89;0;89;356;186,6;169,4;47,6;Online;Tarjeta Crédito;Completado
349;20241112;5;20;3;3;1;699;0;699;699;368,81;330,19;47,2;Online;QR;Completado
354;20240531;9;12;1;3;3;89;0;89;267;135,12;131,88;49,4;Online;Efectivo;Completado
408;20231124;18;11;6;5;2;749;0;749;1498;736,92;761,08;50,8;Online;Tarjeta Crédito;Completado
418;20241219;10;16;5;5;3;199;0;199;597;362,25;234,75;39,3;Online;QR;Completado
429;20241218;1;16;2;5;2;2999,99;0;2999,99;5999,98;3596,1;2403,88;40,1;Online;Tarjeta Crédito;Completado
450;20241012;19;1;6;3;1;2499;0;2499;2499;1349,06;1149,94;46;Online;Transferencia;Completado
455;20240403;12;2;6;5;4;2799;0;2799;11196;7139,52;4056,48;36,2;Online;Transferencia;Completado
462;20240705;13;11;5;5;1;3599;0;3599;3599;1899,63;1699,37;47,2;Online;Efectivo;Completado
478;20230208;17;12;4;2;4;899;0;899;3596;2120,36;1475,64;41;Online;Tarjeta Crédito;Completado
484;20240902;19;2;4;1;2;2499;0;2499;4998;2464,48;2533,52;50,7;Online;Transferencia;Completado
491;20241219;9;3;2;2;4;89;0;89;356;167;189;53,1;Online;QR;Completado
508;20241224;7;4;2;4;3;4599;0;4599;13797;6670,47;7126,53;51,7;Online;QR;Completado
512;20230126;13;12;6;2;3;3599;0;3599;10797;5906,61;4890,39;45,3;Online;QR;Completado
517;20240321;11;4;1;5;1;3299;0;3299;3299;2035,61;1263,39;38,3;Online;Tarjeta Débito;Completado
533;20240724;2;11;5;5;2;1499,5;0;1499,5;2999;1650,9;1348,1;45;Online;Tarjeta Débito;Completado
534;20240304;15;20;5;5;1;399;0;399;399;214,02;184,98;46,4;Online;Tarjeta Débito;Completado
547;20240731;10;11;4;4;2;199;0;199;398;206,7;191,3;48,1;Online;Tarjeta Crédito;Completado
561;20240715;2;7;3;4;4;1499,5;0;1499,5;5998;3627,2;2370,8;39,5;Online;Transferencia;Completado
568;20230512;5;7;1;5;3;699;0;699;2097;1136,01;960,99;45,8;Online;QR;Completado
576;20240610;20;10;4;5;3;1199;0;1199;3597;1996,62;1600,38;44,5;Online;Tarjeta Crédito;Completado
583;20231124;19;11;5;5;1;2499;0;2499;2499;1413,13;1085,87;43,5;Online;Tarjeta Crédito;Completado
585;20241008;4;10;6;3;1;189;0;189;189;100,69;88,31;46,7;Online;Tarjeta Débito;Completado
587;20240428;17;1;4;5;2;899;0;899;1798;931,4;866,6;48,2;Online;QR;Completado
595;20241101;12;10;3;2;5;2799;0;2799;13995;9023,1;4971,9;35,5;Online;QR;Completado
603;20230321;20;4;6;5;4;1199;0;1199;4796;2632,32;2163,68;45,1;Online;Efectivo;Completado
615;20230928;16;3;6;5;5;1299;0;1299;6495;3719,1;2775,9;42,7;Online;QR;Completado
622;20230821;19;12;1;3;1;2499;0;2499;2499;1208,32;1290,68;51,6;Online;Transferencia;Completado
623;20240601;18;8;4;4;4;749;0;749;2996;1435,16;1560,84;52,1;Online;Efectivo;Completado
627;20240323;4;17;1;4;3;189;0;189;567;337,38;229,62;40,5;Online;Tarjeta Débito;Completado
634;20230615;1;2;6;4;3;2999,99;0;2999,99;8999,97;5310,09;3689,88;41;Online;QR;Completado
637;20240805;11;3;4;3;2;3299;0;3299;6598;3700,78;2897,22;43,9;Online;Tarjeta Débito;Completado
654;20230916;15;19;5;3;4;399;0;399;1596;956,68;639,32;40,1;Online;Tarjeta Débito;Completado
667;20230505;13;12;4;5;1;3599;0;3599;3599;1883,31;1715,69;47,7;Online;QR;Completado
677;20240806;10;6;2;2;2;199;0;199;398;188,4;209,6;52,7;Online;QR;Completado
679;20240210;15;18;2;5;3;399;0;399;1197;759;438;36,6;Online;Transferencia;Completado
680;20240514;11;5;1;5;5;3299;0;3299;16495;9558;6937;42,1;Online;Transferencia;Completado
702;20230520;7;5;1;4;1;4599;0;4599;4599;2086,85;2512,15;54,6;Online;Transferencia;Completado
703;20230805;4;2;6;5;5;189;0;189;945;513,9;431,1;45,6;Online;Efectivo;Completado
707;20240808;1;4;2;5;4;2999,99;0;2999,99;11999,96;7075,48;4924,48;41;Online;Transferencia;Completado
714;20240407;16;9;6;5;5;1299;0;1299;6495;3905,2;2589,8;39,9;Online;Transferencia;Completado
715;20240601;20;13;4;5;3;1199;0;1199;3597;2171,16;1425,84;39,6;Online;Efectivo;Completado
719;20230123;2;14;1;4;4;1499,5;0;1499,5;5998;3722,2;2275,8;37,9;Online;Transferencia;Completado
728;20240623;17;11;2;5;3;899;0;899;2697;1736,55;960,45;35,6;Online;Transferencia;Completado
744;20231204;1;20;1;1;2;2999,99;0;2999,99;5999,98;3363,26;2636,72;43,9;Online;Tarjeta Crédito;Completado
750;20240322;11;15;4;2;3;3299;0;3299;9897;5814,42;4082,58;41,3;Online;Tarjeta Crédito;Completado
761;20240524;5;3;3;5;4;699;0;699;2796;1403,8;1392,2;49,8;Online;Efectivo;Completado
770;20230220;20;15;3;5;2;1199;0;1199;2398;1493,12;904,88;37,7;Online;Tarjeta Crédito;Completado
775;20241029;6;14;6;4;1;1899;0;1899;1899;1049,52;849,48;44,7;Online;Tarjeta Débito;Completado
779;20240927;3;17;1;1;4;449;0;449;1796;1090,6;705,4;39,3;Online;Efectivo;Completado
786;20240527;1;15;5;2;2;2999,99;0;2999,99;5999,98;3383,3;2616,68;43,6;Online;Efectivo;Completado
797;20241025;4;18;1;5;1;189;0;189;189;108,86;80,14;42,4;Online;Tarjeta Crédito;Completado
11;20241219;16;5;2;3;2;1299;0;1299;2598;1470,04;1127,96;43,4;Telefónico;Efectivo;Completado
18;20241225;18;10;6;1;2;749;0;749;1498;708,68;789,32;52,7;Tienda Física;QR;Completado
20;20231005;2;3;6;4;3;1499,5;0;1499,5;4498,5;2027,52;2470,98;54,9;Tienda Física;Tarjeta Crédito;Completado
26;20230908;8;1;6;2;4;1099;0;1099;4396;2223,16;2172,84;49,4;Tienda Física;Tarjeta Crédito;Completado
31;20231205;14;11;4;3;5;549;0;549;2745;1340,55;1404,45;51,2;Telefónico;Transferencia;Completado
40;20231110;8;9;3;3;5;1099;0;1099;5495;2624,8;2870,2;52,2;Tienda Física;Transferencia;Completado
45;20241128;14;5;4;2;1;549;0;549;549;288,68;260,32;47,4;Tienda Física;Transferencia;Completado
60;20230424;7;10;2;3;2;4599;0;4599;9198;4165,12;5032,88;54,7;Telefónico;Tarjeta Débito;Completado
87;20240417;4;4;4;2;3;189;0;189;567;260,37;306,63;54,1;Tienda Física;Tarjeta Crédito;Completado
106;20230526;18;9;2;1;1;749;0;749;749;339,28;409,72;54,7;Tienda Física;QR;Completado
108;20240130;17;19;1;4;5;899;0;899;4495;2872,7;1622,3;36,1;Tienda Física;QR;Completado
110;20230403;11;20;2;1;2;3299;0;3299;6598;3792,94;2805,06;42,5;Telefónico;QR;Completado
118;20230719;9;10;3;3;1;89;0;89;89;55,53;33,47;37,6;Telefónico;Transferencia;Completado
120;20231208;11;19;5;1;1;3299;0;3299;3299;1588,41;1710,59;51,9;Telefónico;Efectivo;Completado
129;20240117;12;5;2;1;2;2799;0;2799;5598;2739,96;2858,04;51,1;Telefónico;Tarjeta Débito;Completado
136;20240210;10;13;4;3;5;199;0;199;995;604,8;390,2;39,2;Telefónico;Tarjeta Crédito;Completado
137;20231227;4;18;6;4;3;189;0;189;567;337,23;229,77;40,5;Telefónico;QR;Completado
138;20240101;3;19;6;2;3;449;0;449;1347;866,85;480,15;35,6;Telefónico;Transferencia;Completado
148;20240629;12;8;4;1;3;2799;0;2799;8397;3825,99;4571,01;54,4;Tienda Física;Tarjeta Crédito;Completado
156;20240604;6;5;1;4;1;1899;0;1899;1899;931,11;967,89;51;Tienda Física;Efectivo;Completado
157;20231206;17;13;5;4;3;899;0;899;2697;1619,97;1077,03;39,9;Tienda Física;Tarjeta Crédito;Completado
162;20241230;13;12;5;2;1;3599;0;3599;3599;2230,42;1368,58;38;Telefónico;Transferencia;Completado
166;20231014;15;7;5;3;4;399;0;399;1596;757,36;838,64;52,5;Tienda Física;Transferencia;Completado
172;20230620;10;6;2;3;2;199;0;199;398;254,52;143,48;36,1;Telefónico;Tarjeta Crédito;Completado
177;20240328;16;15;2;3;5;1299;0;1299;6495;3328,8;3166,2;48,7;Telefónico;Tarjeta Crédito;Completado
190;20230708;17;20;4;2;2;899;0;899;1798;1015;783;43,5;Telefónico;Efectivo;Completado
194;20231123;8;10;3;2;4;1099;0;1099;4396;2400,04;1995,96;45,4;Telefónico;Tarjeta Crédito;Completado
213;20230324;2;14;3;1;5;1499,5;0;1499,5;7497,5;4775,3;2722,2;36,3;Tienda Física;Transferencia;Completado
220;20231215;19;20;6;3;2;2499;0;2499;4998;3125;1873;37,5;Telefónico;QR;Completado
223;20240215;6;18;4;2;2;1899;0;1899;3798;2360,48;1437,52;37,8;Tienda Física;Transferencia;Completado
225;20240504;12;3;5;2;1;2799;0;2799;2799;1470,69;1328,31;47,5;Telefónico;QR;Completado
236;20231111;1;17;6;4;2;2999,99;0;2999,99;5999,98;3801,64;2198,34;36,6;Telefónico;Tarjeta Débito;Completado
261;20240627;5;12;1;4;1;699;0;699;699;372,7;326,3;46,7;Tienda Física;Efectivo;Completado
266;20230815;9;3;5;1;5;89;0;89;445;232,8;212,2;47,7;Tienda Física;Transferencia;Completado
275;20240425;18;7;4;1;2;749;0;749;1498;936,2;561,8;37,5;Tienda Física;Transferencia;Completado
285;20241206;10;6;3;1;3;199;0;199;597;278,49;318,51;53,4;Telefónico;Tarjeta Débito;Completado
298;20240420;8;2;2;1;4;1099;0;1099;4396;2376,8;2019,2;45,9;Telefónico;Efectivo;Completado
303;20230104;2;1;2;1;4;1499,5;0;1499,5;5998;3158,52;2839,48;47,3;Tienda Física;Tarjeta Débito;Completado
305;20230514;17;2;2;2;5;899;0;899;4495;2880,45;1614,55;35,9;Tienda Física;Transferencia;Completado
308;20240321;1;8;5;3;1;2999,99;0;2999,99;2999,99;1350,87;1649,12;55;Telefónico;Transferencia;Completado
309;20230428;7;17;2;4;4;4599;0;4599;18396;11856,44;6539,56;35,5;Tienda Física;Tarjeta Crédito;Completado
315;20230217;7;11;2;1;2;4599;0;4599;9198;4868,04;4329,96;47,1;Tienda Física;Tarjeta Crédito;Completado
334;20230428;16;5;3;1;2;1299;0;1299;2598;1679,54;918,46;35,4;Tienda Física;Efectivo;Completado
335;20240501;1;9;2;2;1;2999,99;0;2999,99;2999,99;1503,99;1496;49,9;Tienda Física;Efectivo;Completado
338;20240110;6;13;2;1;5;1899;0;1899;9495;4914,5;4580,5;48,2;Telefónico;Transferencia;Completado
340;20240811;9;10;3;2;1;89;0;89;89;47,04;41,96;47,1;Telefónico;Transferencia;Completado
344;20240430;2;9;4;4;3;1499,5;0;1499,5;4498,5;2777,43;1721,07;38,3;Telefónico;Efectivo;Completado
358;20240511;2;12;6;2;3;1499,5;0;1499,5;4498,5;2765,22;1733,28;38,5;Telefónico;Transferencia;Completado
360;20240118;12;6;3;1;3;2799;0;2799;8397;4427,85;3969,15;47,3;Tienda Física;QR;Completado
365;20240607;3;11;3;3;3;449;0;449;1347;782,91;564,09;41,9;Telefónico;Tarjeta Crédito;Completado
368;20230902;18;16;6;3;5;749;0;749;3745;2318,45;1426,55;38,1;Telefónico;QR;Completado
372;20240627;4;13;5;3;4;189;0;189;756;471,88;284,12;37,6;Tienda Física;Tarjeta Débito;Completado
376;20230214;18;7;6;3;1;749;0;749;749;450,43;298,57;39,9;Telefónico;Tarjeta Débito;Completado
377;20230106;8;8;6;3;3;1099;0;1099;3297;1551,39;1745,61;52,9;Telefónico;QR;Completado
380;20230822;1;19;5;2;1;2999,99;0;2999,99;2999,99;1776,66;1223,33;40,8;Tienda Física;Transferencia;Completado
387;20240709;3;4;3;2;4;449;0;449;1796;903,08;892,92;49,7;Tienda Física;Efectivo;Completado
389;20241221;6;11;3;4;5;1899;0;1899;9495;5941;3554;37,4;Tienda Física;Tarjeta Crédito;Completado
396;20240622;6;3;4;3;2;1899;0;1899;3798;2446,02;1351,98;35,6;Tienda Física;QR;Completado
403;20231008;20;7;2;1;4;1199;0;1199;4796;2596,6;2199,4;45,9;Tienda Física;Tarjeta Crédito;Completado
431;20240808;18;3;3;2;3;749;0;749;2247;1196,61;1050,39;46,7;Telefónico;QR;Completado
433;20240517;18;3;3;1;3;749;0;749;2247;1099,86;1147,14;51,1;Telefónico;Transferencia;Completado
437;20240518;15;12;3;4;5;399;0;399;1995;967,9;1027,1;51,5;Telefónico;Efectivo;Completado
439;20240920;13;19;2;1;5;3599;0;3599;17995;10053,7;7941,3;44,1;Telefónico;Transferencia;Completado
446;20241018;1;17;2;4;2;2999,99;0;2999,99;5999,98;2792,5;3207,48;53,5;Telefónico;Tarjeta Crédito;Completado
458;20241212;7;11;4;3;1;4599;0;4599;4599;2461,45;2137,55;46,5;Telefónico;Tarjeta Crédito;Completado
463;20230610;16;20;4;1;1;1299;0;1299;1299;642,17;656,83;50,6;Tienda Física;QR;Completado
466;20230913;20;6;6;1;3;1199;0;1199;3597;2089,86;1507,14;41,9;Tienda Física;Efectivo;Completado
490;20240429;12;19;5;4;4;2799;0;2799;11196;5449,96;5746,04;51,3;Tienda Física;Tarjeta Débito;Completado
496;20240607;18;8;1;4;3;749;0;749;2247;1196,4;1050,6;46,8;Tienda Física;Tarjeta Crédito;Completado
502;20230619;2;18;1;2;1;1499,5;0;1499,5;1499,5;755,51;743,99;49,6;Telefónico;Transferencia;Completado
521;20231020;17;2;6;1;3;899;0;899;2697;1723,17;973,83;36,1;Telefónico;Efectivo;Completado
527;20231109;20;1;5;2;3;1199;0;1199;3597;1834,71;1762,29;49;Tienda Física;Tarjeta Débito;Completado
537;20240724;8;8;1;3;4;1099;0;1099;4396;2580,24;1815,76;41,3;Telefónico;Efectivo;Completado
538;20241230;14;14;3;3;2;549;0;549;1098;569,76;528,24;48,1;Telefónico;Efectivo;Completado
543;20241221;17;2;3;2;1;899;0;899;899;440,64;458,36;51;Telefónico;QR;Completado
564;20240508;19;7;4;1;3;2499;0;2499;7497;4410,81;3086,19;41,2;Telefónico;Tarjeta Débito;Completado
566;20230627;13;18;4;1;2;3599;0;3599;7198;4053,18;3144,82;43,7;Telefónico;Tarjeta Débito;Completado
575;20240326;17;7;6;2;5;899;0;899;4495;2121;2374;52,8;Telefónico;QR;Completado
586;20240506;10;7;5;3;2;199;0;199;398;208,88;189,12;47,5;Tienda Física;Tarjeta Débito;Completado
609;20230604;7;18;4;3;4;4599;0;4599;18396;9339,56;9056,44;49,2;Telefónico;Tarjeta Débito;Completado
618;20230301;10;20;1;3;4;199;0;199;796;378,4;417,6;52,5;Tienda Física;Tarjeta Crédito;Completado
630;20241218;3;15;3;4;3;449;0;449;1347;649,77;697,23;51,8;Tienda Física;Tarjeta Crédito;Completado
636;20240907;18;12;3;3;4;749;0;749;2996;1727,04;1268,96;42,4;Telefónico;Efectivo;Completado
644;20230812;14;11;6;4;3;549;0;549;1647;1062,6;584,4;35,5;Telefónico;QR;Completado
645;20231218;7;2;5;2;3;4599;0;4599;13797;6541,83;7255,17;52,6;Tienda Física;Transferencia;Completado
647;20230625;1;16;1;1;1;2999,99;0;2999,99;2999,99;1905,68;1094,31;36,5;Telefónico;QR;Completado
650;20230106;18;8;2;1;5;749;0;749;3745;2148,8;1596,2;42,6;Telefónico;QR;Completado
657;20230802;12;9;2;3;2;2799;0;2799;5598;3294,1;2303,9;41,2;Tienda Física;Tarjeta Crédito;Completado
668;20240901;7;5;3;2;5;4599;0;4599;22995;13332,7;9662,3;42;Telefónico;QR;Completado
672;20230702;9;4;6;2;4;89;0;89;356;222,48;133,52;37,5;Telefónico;Efectivo;Completado
676;20230907;16;12;3;1;2;1299;0;1299;2598;1316,86;1281,14;49,3;Tienda Física;QR;Completado
685;20240709;2;12;4;2;4;1499,5;0;1499,5;5998;3162,28;2835,72;47,3;Tienda Física;Tarjeta Crédito;Completado
693;20240906;14;9;6;4;1;549;0;549;549;303,33;245,67;44,7;Telefónico;Efectivo;Completado
696;20241113;6;4;5;2;5;1899;0;1899;9495;5929,5;3565,5;37,6;Telefónico;Tarjeta Crédito;Completado
701;20230710;10;1;6;1;2;199;0;199;398;247,3;150,7;37,9;Tienda Física;Tarjeta Débito;Completado
705;20230414;5;9;5;3;3;699;0;699;2097;1302,3;794,7;37,9;Telefónico;QR;Completado
712;20240307;15;17;6;1;1;399;0;399;399;211,06;187,94;47,1;Telefónico;QR;Completado
716;20240616;16;8;6;2;1;1299;0;1299;1299;776,23;522,77;40,2;Tienda Física;Transferencia;Completado
724;20230421;14;12;3;4;3;549;0;549;1647;958,95;688,05;41,8;Tienda Física;Tarjeta Débito;Completado
726;20241215;14;19;5;4;3;549;0;549;1647;970,41;676,59;41,1;Telefónico;Efectivo;Completado
737;20240831;14;14;6;1;2;549;0;549;1098;553,98;544,02;49,5;Tienda Física;Tarjeta Crédito;Completado
745;20240805;8;15;4;1;4;1099;0;1099;4396;2242,76;2153,24;49;Tienda Física;Tarjeta Crédito;Completado
747;20231230;14;4;2;3;5;549;0;549;2745;1428,4;1316,6;48;Telefónico;QR;Completado
753;20241102;14;20;3;2;1;549;0;549;549;265,73;283,27;51,6;Telefónico;Efectivo;Completado
754;20240726;14;15;6;4;1;549;0;549;549;325,4;223,6;40,7;Tienda Física;Tarjeta Crédito;Completado
760;20241230;12;5;5;1;5;2799;0;2799;13995;7026,3;6968,7;49,8;Telefónico;Transferencia;Completado
768;20231226;1;10;6;1;4;2999,99;0;2999,99;11999,96;6816,8;5183,16;43,2;Tienda Física;Tarjeta Crédito;Completado
783;20240306;10;3;2;2;1;199;0;199;199;94;105;52,8;Tienda Física;Tarjeta Débito;Completado
794;20240125;6;6;5;1;1;1899;0;1899;1899;1018,1;880,9;46,4;Telefónico;Tarjeta Débito;Completado
799;20240423;14;1;2;4;3;549;0;549;1647;907,5;739,5;44,9;Tienda Física;Tarjeta Crédito;Completado
3;20240310;12;15;5;4;1;2799;0;2799;2799;1385,34;1413,66;50,5;Online;Efectivo;Cancelado
5;20231228;3;17;2;3;4;449;0;449;1796;1001,88;794,12;44,2;Telefónico;QR;Cancelado
13;20230320;20;3;6;2;4;1199;0;1199;4796;3061,36;1734,64;36,2;Telefónico;Tarjeta Débito;Cancelado
21;20240426;18;14;5;1;1;749;0;749;749;478,62;270,38;36,1;Telefónico;Tarjeta Débito;Cancelado
27;20241126;17;13;6;5;3;899;0;899;2697;1275,87;1421,13;52,7;Online;Tarjeta Débito;Cancelado
30;20240201;14;3;6;3;5;549;0;549;2745;1599,45;1145,55;41,7;Tienda Física;Tarjeta Crédito;Cancelado
32;20241031;19;10;4;5;1;2499;0;2499;2499;1267,95;1231,05;49,3;Online;QR;Cancelado
42;20240926;1;19;4;4;1;2999,99;0;2999,99;2999,99;1529,16;1470,83;49;Online;Transferencia;Cancelado
53;20240419;19;9;3;2;1;2499;0;2499;2499;1565,19;933,81;37,4;Tienda Física;Transferencia;Cancelado
58;20240120;15;9;3;3;2;399;0;399;798;474,22;323,78;40,6;Online;Efectivo;Cancelado
63;20230325;19;2;2;2;5;2499;0;2499;12495;5835,6;6659,4;53,3;Tienda Física;Efectivo;Cancelado
66;20241218;3;6;2;2;5;449;0;449;2245;1080,55;1164,45;51,9;Online;Transferencia;Cancelado
71;20231004;1;3;2;5;5;2999,99;0;2999,99;14999,95;9748,7;5251,25;35;Online;Tarjeta Crédito;Cancelado
74;20241220;13;18;1;4;1;3599;0;3599;3599;1801,23;1797,77;50;Tienda Física;Transferencia;Cancelado
95;20230414;10;11;6;4;2;199;0;199;398;189,62;208,38;52,4;Telefónico;Tarjeta Crédito;Cancelado
98;20240509;12;9;5;4;3;2799;0;2799;8397;4911,96;3485,04;41,5;Online;Efectivo;Cancelado
102;20231104;2;12;2;4;4;1499,5;0;1499,5;5998;3725,28;2272,72;37,9;Tienda Física;Tarjeta Crédito;Cancelado
104;20241127;20;1;1;3;2;1199;0;1199;2398;1456,54;941,46;39,3;Tienda Física;Efectivo;Cancelado
124;20230514;1;16;6;4;2;2999,99;0;2999,99;5999,98;3156,24;2843,74;47,4;Telefónico;Tarjeta Débito;Cancelado
125;20240830;12;3;4;1;4;2799;0;2799;11196;6067,68;5128,32;45,8;Tienda Física;Tarjeta Crédito;Cancelado
126;20240412;19;13;6;4;3;2499;0;2499;7497;3980,97;3516,03;46,9;Online;Tarjeta Débito;Cancelado
151;20230516;2;8;4;5;4;1499,5;0;1499,5;5998;2832,08;3165,92;52,8;Online;QR;Cancelado
168;20240130;17;8;1;2;2;899;0;899;1798;1093,32;704,68;39,2;Tienda Física;Tarjeta Crédito;Cancelado
169;20240914;12;15;5;2;5;2799;0;2799;13995;6481,8;7513,2;53,7;Online;Transferencia;Cancelado
196;20230331;12;15;6;3;4;2799;0;2799;11196;5490,68;5705,32;51;Telefónico;Tarjeta Crédito;Cancelado
199;20240318;16;16;6;2;3;1299;0;1299;3897;1976,1;1920,9;49,3;Tienda Física;Efectivo;Cancelado
209;20241009;3;17;4;5;3;449;0;449;1347;853,26;493,74;36,7;Online;Efectivo;Cancelado
219;20240313;15;8;5;2;1;399;0;399;399;219,76;179,24;44,9;Online;Tarjeta Débito;Cancelado
229;20240624;15;4;6;4;3;399;0;399;1197;627,39;569,61;47,6;Online;Efectivo;Cancelado
232;20240615;16;15;2;3;2;1299;0;1299;2598;1543,38;1054,62;40,6;Online;Tarjeta Débito;Cancelado
240;20230219;8;7;6;5;4;1099;0;1099;4396;2019,12;2376,88;54,1;Online;Tarjeta Crédito;Cancelado
243;20230331;17;12;1;1;4;899;0;899;3596;2221,36;1374,64;38,2;Online;QR;Cancelado
260;20230902;17;17;5;5;5;899;0;899;4495;2423,5;2071,5;46,1;Online;Transferencia;Cancelado
273;20240905;1;8;3;1;3;2999,99;0;2999,99;8999,97;5017,68;3982,29;44,2;Tienda Física;Transferencia;Cancelado
286;20240307;10;8;4;1;1;199;0;199;199;98,04;100,96;50,7;Tienda Física;Tarjeta Débito;Cancelado
290;20241113;5;14;5;4;2;699;0;699;1398;879,78;518,22;37,1;Tienda Física;Efectivo;Cancelado
291;20240223;12;14;3;2;2;2799;0;2799;5598;3240,82;2357,18;42,1;Tienda Física;QR;Cancelado
293;20231120;2;8;4;4;1;1499,5;0;1499,5;1499,5;824,6;674,9;45;Telefónico;Efectivo;Cancelado
295;20230324;1;19;1;1;3;2999,99;0;2999,99;8999,97;4121,67;4878,3;54,2;Tienda Física;Transferencia;Cancelado
299;20241224;6;4;1;2;1;1899;0;1899;1899;1043,09;855,91;45,1;Online;QR;Cancelado
306;20231207;11;3;5;4;1;3299;0;3299;3299;1616,95;1682,05;51;Telefónico;Tarjeta Crédito;Cancelado
314;20230817;15;10;4;3;1;399;0;399;399;192,13;206,87;51,8;Telefónico;Tarjeta Crédito;Cancelado
317;20230116;2;8;2;2;4;1499,5;0;1499,5;5998;3522,36;2475,64;41,3;Telefónico;Efectivo;Cancelado
320;20240221;14;6;3;2;2;549;0;549;1098;555,56;542,44;49,4;Tienda Física;Efectivo;Cancelado
330;20230614;19;5;1;5;3;2499;0;2499;7497;3933,81;3563,19;47,5;Online;Transferencia;Cancelado
333;20230715;1;19;4;5;1;2999,99;0;2999,99;2999,99;1711,43;1288,56;43;Online;Tarjeta Débito;Cancelado
339;20240414;6;20;4;2;1;1899;0;1899;1899;980,3;918,7;48,4;Tienda Física;Transferencia;Cancelado
359;20230206;8;12;4;5;4;1099;0;1099;4396;2822,68;1573,32;35,8;Online;QR;Cancelado
363;20240215;12;15;3;2;4;2799;0;2799;11196;6554,56;4641,44;41,5;Telefónico;Transferencia;Cancelado
406;20230524;4;13;6;5;5;189;0;189;945;520,55;424,45;44,9;Online;Transferencia;Cancelado
416;20230711;17;4;4;1;4;899;0;899;3596;2018,52;1577,48;43,9;Tienda Física;Tarjeta Débito;Cancelado
417;20231009;1;11;4;2;1;2999,99;0;2999,99;2999,99;1907,17;1092,82;36,4;Telefónico;Efectivo;Cancelado
425;20230621;1;15;6;3;1;2999,99;0;2999,99;2999,99;1393,94;1606,05;53,5;Tienda Física;Tarjeta Crédito;Cancelado
432;20230628;6;8;5;3;2;1899;0;1899;3798;1846,86;1951,14;51,4;Telefónico;Efectivo;Cancelado
438;20230605;18;7;3;1;1;749;0;749;749;464,32;284,68;38;Telefónico;Efectivo;Cancelado
441;20240629;1;8;5;2;5;2999,99;0;2999,99;14999,95;8088,65;6911,3;46,1;Tienda Física;QR;Cancelado
448;20240604;16;7;5;2;4;1299;0;1299;5196;2591,44;2604,56;50,1;Tienda Física;QR;Cancelado
465;20240423;1;7;6;5;3;2999,99;0;2999,99;8999,97;4110,48;4889,49;54,3;Online;QR;Cancelado
477;20230722;17;9;4;2;5;899;0;899;4495;2071,45;2423,55;53,9;Online;Transferencia;Cancelado
479;20230116;7;13;5;1;3;4599;0;4599;13797;7899,54;5897,46;42,7;Online;Tarjeta Débito;Cancelado
499;20240306;8;6;6;4;4;1099;0;1099;4396;2209,4;2186,6;49,7;Online;Tarjeta Débito;Cancelado
513;20240813;16;7;5;2;5;1299;0;1299;6495;3343,2;3151,8;48,5;Online;Tarjeta Crédito;Cancelado
529;20230623;5;9;3;5;2;699;0;699;1398;700,74;697,26;49,9;Online;Efectivo;Cancelado
541;20230505;10;15;4;1;3;199;0;199;597;357;240;40,2;Tienda Física;Tarjeta Débito;Cancelado
555;20241009;8;8;6;1;3;1099;0;1099;3297;1937,4;1359,6;41,2;Online;Tarjeta Débito;Cancelado
574;20240410;18;3;3;4;2;749;0;749;1498;882,2;615,8;41,1;Online;Tarjeta Crédito;Cancelado
580;20231204;10;17;5;3;1;199;0;199;199;116,85;82,15;41,3;Online;Transferencia;Cancelado
589;20230106;10;2;6;5;1;199;0;199;199;108,13;90,87;45,7;Online;Efectivo;Cancelado
590;20241216;10;1;5;3;2;199;0;199;398;195,06;202,94;51;Online;Tarjeta Crédito;Cancelado
591;20231215;15;4;3;2;2;399;0;399;798;377,36;420,64;52,7;Telefónico;QR;Cancelado
592;20230426;7;18;3;5;3;4599;0;4599;13797;6599,25;7197,75;52,2;Online;Tarjeta Crédito;Cancelado
617;20230211;20;10;6;5;3;1199;0;1199;3597;2071,38;1525,62;42,4;Online;Tarjeta Débito;Cancelado
631;20240221;13;11;1;3;3;3599;0;3599;10797;5810,04;4986,96;46,2;Online;Tarjeta Débito;Cancelado
658;20230505;15;15;4;2;3;399;0;399;1197;750,87;446,13;37,3;Telefónico;Tarjeta Débito;Cancelado
660;20240518;9;1;6;4;2;89;0;89;178;91,76;86,24;48,4;Telefónico;Tarjeta Débito;Cancelado
665;20241118;1;3;4;3;5;2999,99;0;2999,99;14999,95;7639,75;7360,2;49,1;Online;QR;Cancelado
689;20240327;6;18;4;5;2;1899;0;1899;3798;1850,4;1947,6;51,3;Online;Tarjeta Crédito;Cancelado
717;20230718;13;20;6;3;2;3599;0;3599;7198;4134,48;3063,52;42,6;Tienda Física;Efectivo;Cancelado
732;20231005;20;17;4;5;2;1199;0;1199;2398;1380,22;1017,78;42,4;Online;Tarjeta Débito;Cancelado
740;20240912;17;4;5;5;5;899;0;899;4495;2469,05;2025,95;45,1;Online;Tarjeta Débito;Cancelado
749;20241113;10;11;5;1;1;199;0;199;199;99,48;99,52;50;Telefónico;Tarjeta Débito;Cancelado
756;20230719;14;5;1;3;3;549;0;549;1647;944,61;702,39;42,6;Tienda Física;Tarjeta Crédito;Cancelado
773;20231123;16;14;6;3;5;1299;0;1299;6495;3389,15;3105,85;47,8;Tienda Física;Tarjeta Crédito;Cancelado
790;20240419;1;6;3;2;4;2999,99;0;2999,99;11999,96;6451,44;5548,52;46,2;Telefónico;Tarjeta Débito;Cancelado
6;20240529;8;16;4;2;1;1099;0;1099;1099;639,39;459,61;41,8;Online;Transferencia;Pendiente
9;20230422;2;18;1;1;2;1499,5;0;1499,5;2999;1593,32;1405,68;46,9;Online;Tarjeta Débito;Pendiente
15;20230921;9;13;2;3;4;89;0;89;356;226,36;129,64;36,4;Tienda Física;Efectivo;Pendiente
51;20240803;14;12;1;5;3;549;0;549;1647;1020,99;626,01;38;Online;Efectivo;Pendiente
55;20231104;20;9;5;1;5;1199;0;1199;5995;2800,4;3194,6;53,3;Telefónico;Transferencia;Pendiente
61;20230222;2;18;3;2;4;1499,5;0;1499,5;5998;3746;2252;37,5;Telefónico;Tarjeta Crédito;Pendiente
82;20230728;8;19;4;2;4;1099;0;1099;4396;2257,96;2138,04;48,6;Online;Transferencia;Pendiente
100;20230222;2;10;4;1;1;1499,5;0;1499,5;1499,5;940,86;558,64;37,3;Tienda Física;Transferencia;Pendiente
113;20240410;11;9;3;2;4;3299;0;3299;13196;6178,96;7017,04;53,2;Tienda Física;Efectivo;Pendiente
140;20241202;14;17;3;1;3;549;0;549;1647;800,52;846,48;51,4;Tienda Física;Tarjeta Crédito;Pendiente
146;20240209;18;4;6;5;1;749;0;749;749;349,61;399,39;53,3;Online;Tarjeta Crédito;Pendiente
147;20240711;5;14;1;2;4;699;0;699;2796;1778,52;1017,48;36,4;Online;Efectivo;Pendiente
155;20230923;4;19;6;3;2;189;0;189;378;196,74;181,26;48;Online;Tarjeta Débito;Pendiente
178;20240310;5;12;5;5;1;699;0;699;699;348,34;350,66;50,2;Online;Tarjeta Crédito;Pendiente
183;20240203;2;13;1;5;5;1499,5;0;1499,5;7497,5;3917,5;3580;47,7;Online;Efectivo;Pendiente
187;20231215;6;13;5;3;5;1899;0;1899;9495;5236,15;4258,85;44,9;Telefónico;QR;Pendiente
201;20231114;2;1;3;5;5;1499,5;0;1499,5;7497,5;4766,1;2731,4;36,4;Online;Tarjeta Crédito;Pendiente
207;20240317;17;10;6;1;3;899;0;899;2697;1545,18;1151,82;42,7;Tienda Física;Tarjeta Débito;Pendiente
234;20230617;1;7;5;4;3;2999,99;0;2999,99;8999,97;5162,1;3837,87;42,6;Telefónico;QR;Pendiente
238;20240905;8;8;3;1;1;1099;0;1099;1099;583,63;515,37;46,9;Online;QR;Pendiente
246;20230621;13;5;6;4;3;3599;0;3599;10797;5088,75;5708,25;52,9;Tienda Física;Tarjeta Crédito;Pendiente
255;20240904;7;19;5;2;5;4599;0;4599;22995;14730,6;8264,4;35,9;Online;Tarjeta Débito;Pendiente
288;20230322;8;13;1;1;1;1099;0;1099;1099;575,34;523,66;47,6;Online;Tarjeta Débito;Pendiente
292;20241014;20;10;6;1;3;1199;0;1199;3597;1991,13;1605,87;44,6;Telefónico;Tarjeta Débito;Pendiente
322;20231104;13;5;4;2;5;3599;0;3599;17995;10367,85;7627,15;42,4;Telefónico;Efectivo;Pendiente
361;20230901;8;7;3;4;5;1099;0;1099;5495;3423;2072;37,7;Telefónico;Efectivo;Pendiente
395;20241221;13;5;5;5;1;3599;0;3599;3599;2082,67;1516,33;42,1;Online;QR;Pendiente
421;20230509;12;15;2;5;5;2799;0;2799;13995;8981,7;5013,3;35,8;Online;Tarjeta Crédito;Pendiente
428;20240629;4;10;6;3;5;189;0;189;945;478,45;466,55;49,4;Online;Transferencia;Pendiente
430;20231123;12;1;5;5;2;2799;0;2799;5598;2565,86;3032,14;54,2;Online;QR;Pendiente
434;20240125;5;8;1;3;5;699;0;699;3495;2201,95;1293,05;37;Online;Transferencia;Pendiente
449;20230628;5;17;1;5;2;699;0;699;1398;675,6;722,4;51,7;Online;QR;Pendiente
470;20240108;4;17;3;5;5;189;0;189;945;556,45;388,55;41,1;Online;QR;Pendiente
475;20230816;8;7;2;5;3;1099;0;1099;3297;1997,28;1299,72;39,4;Online;Efectivo;Pendiente
480;20231017;8;9;4;5;3;1099;0;1099;3297;1604,91;1692,09;51,3;Online;Tarjeta Débito;Pendiente
482;20231024;8;18;4;4;2;1099;0;1099;2198;1340,8;857,2;39;Telefónico;Tarjeta Débito;Pendiente
503;20230914;3;5;1;4;2;449;0;449;898;479,58;418,42;46,6;Online;Tarjeta Crédito;Pendiente
514;20240825;6;3;5;2;4;1899;0;1899;7596;4663,08;2932,92;38,6;Telefónico;Tarjeta Crédito;Pendiente
531;20241008;10;2;6;5;4;199;0;199;796;482,4;313,6;39,4;Online;Tarjeta Crédito;Pendiente
551;20241210;5;19;5;2;2;699;0;699;1398;821,62;576,38;41,2;Telefónico;Tarjeta Débito;Pendiente
600;20241105;8;18;2;4;4;1099;0;1099;4396;2277,76;2118,24;48,2;Telefónico;QR;Pendiente
602;20230509;19;20;4;3;5;2499;0;2499;12495;7677;4818;38,6;Tienda Física;Tarjeta Crédito;Pendiente
605;20241031;19;15;2;2;3;2499;0;2499;7497;4228,71;3268,29;43,6;Telefónico;Tarjeta Crédito;Pendiente
607;20240820;2;1;6;5;3;1499,5;0;1499,5;4498,5;2799,18;1699,32;37,8;Online;Tarjeta Débito;Pendiente
610;20230114;3;1;2;4;4;449;0;449;1796;838,6;957,4;53,3;Telefónico;Transferencia;Pendiente
629;20241019;5;13;6;5;2;699;0;699;1398;823,6;574,4;41,1;Online;Tarjeta Crédito;Pendiente
640;20230213;11;2;3;1;4;3299;0;3299;13196;6496,88;6699,12;50,8;Telefónico;QR;Pendiente
642;20241103;2;8;6;2;1;1499,5;0;1499,5;1499,5;864,51;634,99;42,3;Online;Efectivo;Pendiente
646;20240207;18;6;4;2;5;749;0;749;3745;1785,15;1959,85;52,3;Telefónico;QR;Pendiente
649;20230214;20;6;6;4;5;1199;0;1199;5995;3449,75;2545,25;42,5;Online;Tarjeta Crédito;Pendiente
652;20230627;2;2;6;3;3;1499,5;0;1499,5;4498,5;2415,39;2083,11;46,3;Online;QR;Pendiente
663;20230829;5;12;3;2;1;699;0;699;699;381,62;317,38;45,4;Online;Tarjeta Débito;Pendiente
669;20230905;11;12;3;5;4;3299;0;3299;13196;6081,92;7114,08;53,9;Online;Tarjeta Crédito;Pendiente
692;20240618;8;1;1;3;4;1099;0;1099;4396;2504,76;1891,24;43;Online;QR;Pendiente
697;20240131;4;18;5;3;2;189;0;189;378;180,46;197,54;52,3;Online;Tarjeta Crédito;Pendiente
708;20230720;12;13;4;2;5;2799;0;2799;13995;7438,55;6556,45;46,8;Online;Efectivo;Pendiente
725;20241004;3;3;3;1;3;449;0;449;1347;611,46;735,54;54,6;Online;Efectivo;Pendiente
734;20240722;7;12;4;2;2;4599;0;4599;9198;5512,24;3685,76;40,1;Online;Transferencia;Pendiente
736;20240317;8;4;2;2;1;1099;0;1099;1099;669,74;429,26;39,1;Online;Transferencia;Pendiente
746;20230628;15;11;6;4;1;399;0;399;399;248,69;150,31;37,7;Online;Transferencia;Pendiente
752;20240829;20;8;1;4;2;1199;0;1199;2398;1415,42;982,58;41;Tienda Física;Efectivo;Pendiente
755;20240621;13;5;4;2;5;3599;0;3599;17995;11679,5;6315,5;35,1;Online;Tarjeta Débito;Pendiente
759;20240122;20;20;6;1;1;1199;0;1199;1199;660,54;538,46;44,9;Online;Tarjeta Crédito;Pendiente
785;20231127;15;5;4;4;1;399;0;399;399;192,81;206,19;51,7;Tienda Física;Transferencia;Pendiente
788;20240311;16;17;5;5;4;1299;0;1299;5196;3080,48;2115,52;40,7;Online;Efectivo;Pendiente
792;20230629;20;7;3;1;4;1199;0;1199;4796;2324,44;2471,56;51,5;Tienda Física;QR;Pendiente
8;20240807;15;5;4;2;3;399;5;379,05;1137,15;598,44;538,71;47,4;Tienda Física;Transferencia;Cancelado
10;20230310;6;13;1;4;3;1899;20;1519,2;4557,6;3458,22;1099,38;24,1;Online;Transferencia;Cancelado
28;20231019;2;4;5;4;3;1499,5;15;1274,58;3823,74;2731,86;1091,88;28,6;Online;QR;Cancelado
37;20230228;18;8;1;4;2;749;20;599,2;1198,4;813,3;385,1;32,1;Telefónico;QR;Cancelado
64;20240329;20;20;5;2;5;1199;5;1139,05;5695,25;3237,9;2457,35;43,1;Online;Tarjeta Crédito;Cancelado
70;20231026;17;18;4;4;1;899;10;809,1;809,1;411,72;397,38;49,1;Online;Tarjeta Crédito;Cancelado
92;20240913;12;19;3;3;1;2799;20;2239,2;2239,2;1628,03;611,17;27,3;Online;Efectivo;Cancelado
93;20230227;20;16;3;2;5;1199;20;959,2;4796;3120,2;1675,8;34,9;Telefónico;Tarjeta Débito;Cancelado
111;20240220;20;17;3;4;5;1199;10;1079,1;5395,5;3213,55;2181,95;40,4;Telefónico;Efectivo;Cancelado
141;20230731;8;5;2;1;3;1099;20;879,2;2637,6;2003,34;634,26;24;Telefónico;QR;Cancelado
152;20230120;17;19;2;2;3;899;5;854,05;2562,15;1214,49;1347,66;52,6;Online;Tarjeta Débito;Cancelado
171;20230524;18;19;2;2;4;749;10;674,1;2696,4;1893,88;802,52;29,8;Tienda Física;Efectivo;Cancelado
173;20231004;7;18;3;2;3;4599;10;4139,1;12417,3;7680,72;4736,58;38,1;Telefónico;Tarjeta Débito;Cancelado
175;20230404;2;19;3;2;5;1499,5;5;1424,52;7122,6;4300,75;2821,85;39,6;Tienda Física;Transferencia;Cancelado
186;20230602;11;16;5;4;2;3299;10;2969,1;5938,2;4147,68;1790,52;30,2;Tienda Física;Tarjeta Crédito;Cancelado
193;20240515;18;11;5;3;3;749;10;674,1;2022,3;1228,74;793,56;39,2;Tienda Física;Tarjeta Crédito;Cancelado
203;20240514;9;6;1;3;3;89;10;80,1;240,3;156,15;84,15;35;Tienda Física;Tarjeta Débito;Cancelado
205;20231220;8;1;3;4;2;1099;5;1044,05;2088,1;1320,46;767,64;36,8;Online;Tarjeta Crédito;Cancelado
211;20240925;16;3;5;4;1;1299;5;1234,05;1234,05;618,83;615,22;49,9;Online;Transferencia;Cancelado
212;20230309;18;15;6;3;1;749;5;711,55;711,55;375,17;336,38;47,3;Tienda Física;Tarjeta Débito;Cancelado
221;20240326;10;9;1;5;5;199;15;169,15;845,75;629,15;216,6;25,6;Online;Transferencia;Cancelado
228;20240823;11;10;4;4;5;3299;15;2804,15;14020,75;8607,95;5412,8;38,6;Online;Tarjeta Crédito;Cancelado
235;20241217;16;1;1;5;5;1299;5;1234,05;6170,25;2938,15;3232,1;52,4;Online;Tarjeta Crédito;Cancelado
239;20230307;1;6;1;4;4;2999,99;15;2549,99;10199,96;7282,48;2917,48;28,6;Telefónico;Efectivo;Cancelado
257;20240216;3;15;5;4;5;449;5;426,55;2132,75;1250,2;882,55;41,4;Telefónico;Transferencia;Cancelado
269;20230921;10;4;2;3;2;199;10;179,1;358,2;210,02;148,18;41,4;Telefónico;Tarjeta Débito;Cancelado
271;20231211;15;20;1;3;1;399;5;379,05;379,05;190,45;188,6;49,8;Online;QR;Cancelado
276;20240116;3;15;1;2;2;449;20;359,2;718,4;536,58;181,82;25,3;Telefónico;Tarjeta Crédito;Cancelado
278;20240803;9;20;5;2;3;89;15;75,65;226,95;135,78;91,17;40,2;Telefónico;Tarjeta Crédito;Cancelado
302;20240907;6;12;2;3;1;1899;10;1709,1;1709,1;1110,58;598,52;35;Tienda Física;Tarjeta Débito;Cancelado
324;20231215;20;8;1;3;1;1199;20;959,2;959,2;777,32;181,88;19;Telefónico;Tarjeta Crédito;Cancelado
326;20240917;13;12;2;2;2;3599;10;3239,1;6478,2;3696,9;2781,3;42,9;Telefónico;Tarjeta Crédito;Cancelado
345;20241225;4;3;6;3;5;189;5;179,55;897,75;608,7;289,05;32,2;Telefónico;Tarjeta Débito;Cancelado
370;20230902;12;8;6;3;4;2799;20;2239,2;8956,8;7024,04;1932,76;21,6;Online;Tarjeta Crédito;Cancelado
383;20240403;4;17;3;5;5;189;15;160,65;803,25;451,15;352,1;43,8;Online;QR;Cancelado
393;20230223;3;9;6;3;1;449;15;381,65;381,65;280,03;101,62;26,6;Telefónico;QR;Cancelado
401;20230508;4;8;1;3;3;189;20;151,2;453,6;327;126,6;27,9;Online;QR;Cancelado
407;20231002;9;13;3;3;4;89;20;71,2;284,8;169,68;115,12;40,4;Online;QR;Cancelado
409;20230528;6;17;5;3;1;1899;20;1519,2;1519,2;988,33;530,87;34,9;Online;QR;Cancelado
412;20240812;2;12;4;1;5;1499,5;20;1199,6;5998;4386,85;1611,15;26,9;Telefónico;Tarjeta Débito;Cancelado
413;20240229;8;17;6;3;1;1099;5;1044,05;1044,05;579,73;464,32;44,5;Telefónico;Tarjeta Crédito;Cancelado
414;20230304;1;9;2;5;4;2999,99;20;2399,99;9599,96;5941,28;3658,68;38,1;Online;Tarjeta Crédito;Cancelado
422;20230508;13;9;5;3;1;3599;10;3239,1;3239,1;2211,3;1027,8;31,7;Online;QR;Cancelado
423;20240430;16;2;3;2;3;1299;10;1169,1;3507,3;1817,82;1689,48;48,2;Tienda Física;Tarjeta Débito;Cancelado
452;20240508;20;19;1;2;4;1199;5;1139,05;4556,2;2285;2271,2;49,8;Tienda Física;Tarjeta Débito;Cancelado
453;20240701;14;5;5;1;2;549;5;521,55;1043,1;692,1;351;33,6;Telefónico;Efectivo;Cancelado
454;20240630;4;3;4;2;5;189;10;170,1;850,5;581,65;268,85;31,6;Telefónico;Transferencia;Cancelado
456;20241001;19;4;4;2;3;2499;5;2374,05;7122,15;4521,99;2600,16;36,5;Tienda Física;Tarjeta Crédito;Cancelado
459;20240806;14;19;3;5;3;549;15;466,65;1399,95;872,07;527,88;37,7;Online;Transferencia;Cancelado
487;20231109;12;11;6;5;4;2799;20;2239,2;8956,8;6687,44;2269,36;25,3;Online;Transferencia;Cancelado
518;20230811;4;16;2;1;1;189;10;170,1;170,1;109,31;60,79;35,7;Online;Transferencia;Cancelado
520;20230401;15;2;3;5;4;399;20;319,2;1276,8;836;440,8;34,5;Online;Efectivo;Cancelado
522;20230912;18;13;2;2;5;749;15;636,65;3183,25;1871,55;1311,7;41,2;Telefónico;Tarjeta Débito;Cancelado
525;20231211;18;11;3;4;4;749;20;599,2;2396,8;1783,12;613,68;25,6;Telefónico;Tarjeta Débito;Cancelado
536;20230526;5;16;5;2;4;699;5;664,05;2656,2;1622,92;1033,28;38,9;Tienda Física;QR;Cancelado
542;20240723;9;18;4;5;2;89;15;75,65;151,3;104,98;46,32;30,6;Online;Transferencia;Cancelado
545;20230124;10;13;2;4;5;199;15;169,15;845,75;467,55;378,2;44,7;Online;Transferencia;Cancelado
557;20240320;1;9;4;2;2;2999,99;20;2399,99;4799,98;2945,46;1854,52;38,6;Tienda Física;Transferencia;Cancelado
562;20240405;10;20;1;5;2;199;5;189,05;378,1;245,16;132,94;35,2;Online;Efectivo;Cancelado
565;20230415;4;15;6;3;1;189;10;170,1;170,1;111,79;58,31;34,3;Telefónico;QR;Cancelado
569;20241023;16;8;2;5;4;1299;5;1234,05;4936,2;2764,44;2171,76;44;Online;QR;Cancelado
572;20230503;14;6;2;3;5;549;15;466,65;2333,25;1614,9;718,35;30,8;Telefónico;QR;Cancelado
582;20240607;5;15;5;3;4;699;20;559,2;2236,8;1713,48;523,32;23,4;Telefónico;Efectivo;Cancelado
596;20230417;15;4;4;3;4;399;5;379,05;1516,2;792,16;724,04;47,8;Tienda Física;Tarjeta Débito;Cancelado
613;20240322;18;19;3;1;1;749;10;674,1;674,1;409,44;264,66;39,3;Online;Efectivo;Cancelado
625;20240103;9;9;1;3;5;89;5;84,55;422,75;241,3;181,45;42,9;Telefónico;Tarjeta Débito;Cancelado
648;20240329;16;5;2;2;3;1299;10;1169,1;3507,3;2104,71;1402,59;40;Tienda Física;Tarjeta Débito;Cancelado
655;20231222;8;4;2;4;2;1099;5;1044,05;2088,1;1380,94;707,16;33,9;Tienda Física;Transferencia;Cancelado
670;20240612;17;17;1;4;5;899;15;764,15;3820,75;2764,75;1056;27,6;Online;Transferencia;Cancelado
684;20230406;18;15;6;1;5;749;5;711,55;3557,75;1830,9;1726,85;48,5;Online;QR;Cancelado
698;20240323;11;6;1;2;2;3299;10;2969,1;5938,2;3260,88;2677,32;45,1;Tienda Física;QR;Cancelado
710;20230510;13;10;4;5;3;3599;15;3059,15;9177,45;6966,6;2210,85;24,1;Online;Tarjeta Débito;Cancelado
718;20240619;15;7;3;4;4;399;10;359,1;1436,4;801,72;634,68;44,2;Online;QR;Cancelado
721;20230504;19;16;6;5;5;2499;10;2249,1;11245,5;6796,85;4448,65;39,6;Online;Tarjeta Débito;Cancelado
738;20241216;18;6;6;1;4;749;20;599,2;2396,8;1360,12;1036,68;43,3;Tienda Física;Tarjeta Crédito;Cancelado
766;20240117;3;7;3;2;2;449;15;381,65;763,3;495,46;267,84;35,1;Online;QR;Cancelado
777;20230523;10;8;5;4;3;199;10;179,1;537,3;274,35;262,95;48,9;Tienda Física;Efectivo;Cancelado
796;20240713;20;4;6;1;4;1199;20;959,2;3836,8;2596,68;1240,12;32,3;Tienda Física;Efectivo;Cancelado
1;20230923;19;3;1;4;1;2499;20;1999,2;1999,2;1390,8;608,4;30,4;Tienda Física;Tarjeta Débito;Pendiente
19;20231026;10;20;2;3;2;199;15;169,15;338,3;229,58;108,72;32,1;Online;QR;Pendiente
35;20230223;8;16;5;1;4;1099;5;1044,05;4176,2;2757,28;1418,92;34;Telefónico;Tarjeta Débito;Pendiente
36;20240621;13;8;2;1;1;3599;20;2879,2;2879,2;1925,57;953,63;33,1;Tienda Física;QR;Pendiente
38;20231213;15;20;6;5;4;399;20;319,2;1276,8;1007,68;269,12;21,1;Online;Tarjeta Débito;Pendiente
41;20230825;3;14;4;3;5;449;5;426,55;2132,75;1196,95;935,8;43,9;Tienda Física;Transferencia;Pendiente
43;20240817;20;8;4;2;3;1199;5;1139,05;3417,15;1968,03;1449,12;42,4;Online;Tarjeta Crédito;Pendiente
52;20240130;15;5;4;2;5;399;15;339,15;1695,75;1005,5;690,25;40,7;Telefónico;Transferencia;Pendiente
56;20240826;8;16;6;4;4;1099;20;879,2;3516,8;1993,36;1523,44;43,3;Online;Tarjeta Débito;Pendiente
62;20240604;15;11;2;1;3;399;20;319,2;957,6;653,01;304,59;31,8;Tienda Física;Transferencia;Pendiente
69;20230311;6;10;5;5;3;1899;5;1804,05;5412,15;2705,34;2706,81;50;Online;Tarjeta Crédito;Pendiente
80;20240327;11;17;3;1;3;3299;15;2804,15;8412,45;5044,62;3367,83;40;Telefónico;QR;Pendiente
84;20240726;15;1;6;2;4;399;20;319,2;1276,8;927,2;349,6;27,4;Tienda Física;Efectivo;Pendiente
85;20231019;11;20;6;4;1;3299;20;2639,2;2639,2;1701,34;937,86;35,5;Telefónico;QR;Pendiente
89;20230331;20;13;5;2;4;1199;10;1079,1;4316,4;2295,48;2020,92;46,8;Online;Tarjeta Crédito;Pendiente
91;20241124;14;9;4;3;2;549;5;521,55;1043,1;681,5;361,6;34,7;Tienda Física;Tarjeta Débito;Pendiente
101;20240208;18;14;5;2;4;749;15;636,65;2546,6;1407,52;1139,08;44,7;Online;QR;Pendiente
107;20230120;6;9;1;2;4;1899;10;1709,1;6836,4;3590,84;3245,56;47,5;Tienda Física;Transferencia;Pendiente
114;20230420;12;5;5;1;5;2799;10;2519,1;12595,5;7869,9;4725,6;37,5;Telefónico;Efectivo;Pendiente
122;20240413;4;10;6;5;4;189;10;170,1;680,4;441,08;239,32;35,2;Online;Tarjeta Débito;Pendiente
127;20240516;12;3;4;1;2;2799;5;2659,05;5318,1;3178,4;2139,7;40,2;Telefónico;Efectivo;Pendiente
133;20241030;20;17;4;4;5;1199;10;1079,1;5395,5;3841,85;1553,65;28,8;Telefónico;Efectivo;Pendiente
145;20240221;17;17;4;2;2;899;20;719,2;1438,4;1026,54;411,86;28,6;Online;Efectivo;Pendiente
160;20240816;10;11;1;1;3;199;15;169,15;507,45;303,96;203,49;40,1;Online;QR;Pendiente
176;20231114;10;16;2;4;3;199;5;189,05;567,15;277,35;289,8;51,1;Tienda Física;Tarjeta Débito;Pendiente
181;20230414;13;17;4;2;2;3599;10;3239,1;6478,2;3747,12;2731,08;42,2;Tienda Física;Tarjeta Crédito;Pendiente
182;20241010;16;10;5;1;1;1299;5;1234,05;1234,05;619,35;614,7;49,8;Online;Tarjeta Crédito;Pendiente
189;20241114;1;20;4;3;5;2999,99;10;2699,99;13499,95;7432,6;6067,35;44,9;Tienda Física;QR;Pendiente
191;20230124;15;11;4;2;4;399;15;339,15;1356,6;783,28;573,32;42,3;Telefónico;QR;Pendiente
204;20241124;13;14;5;3;1;3599;5;3419,05;3419,05;2101,28;1317,77;38,5;Tienda Física;Tarjeta Débito;Pendiente
216;20230903;1;1;3;4;5;2999,99;5;2849,99;14249,95;8345,75;5904,2;41,4;Tienda Física;Tarjeta Débito;Pendiente
237;20230731;20;17;3;3;3;1199;20;959,2;2877,6;1904,19;973,41;33,8;Online;Transferencia;Pendiente
244;20241008;13;11;1;3;4;3599;5;3419,05;13676,2;7135,04;6541,16;47,8;Telefónico;Transferencia;Pendiente
247;20240128;9;4;2;1;2;89;5;84,55;169,1;96,08;73,02;43,2;Telefónico;QR;Pendiente
252;20231130;1;13;3;5;4;2999,99;20;2399,99;9599,96;7469,24;2130,72;22,2;Online;Tarjeta Crédito;Pendiente
253;20241207;20;5;3;3;5;1199;15;1019,15;5095,75;2938,55;2157,2;42,3;Online;Tarjeta Débito;Pendiente
256;20231116;3;14;6;4;2;449;15;381,65;763,3;458,48;304,82;39,9;Online;Tarjeta Débito;Pendiente
262;20240116;10;11;4;2;5;199;5;189,05;945,25;517,05;428,2;45,3;Tienda Física;Transferencia;Pendiente
281;20240314;17;9;6;3;4;899;5;854,05;3416,2;1853,6;1562,6;45,7;Tienda Física;Efectivo;Pendiente
287;20230906;17;15;1;1;3;899;20;719,2;2157,6;1278,69;878,91;40,7;Online;Tarjeta Débito;Pendiente
294;20230116;12;11;2;4;5;2799;5;2659,05;13295,25;7320,55;5974,7;44,9;Telefónico;Tarjeta Débito;Pendiente
301;20240724;3;9;6;5;1;449;5;426,55;426,55;242,93;183,62;43;Online;Efectivo;Pendiente
336;20240226;15;14;2;4;4;399;5;379,05;1516,2;830,32;685,88;45,2;Online;Efectivo;Pendiente
342;20230421;1;7;2;3;1;2999,99;5;2849,99;2849,99;1856,26;993,73;34,9;Online;Transferencia;Pendiente
347;20240306;2;17;5;5;5;1499,5;15;1274,58;6372,9;4847,5;1525,4;23,9;Online;Efectivo;Pendiente
352;20240322;9;13;6;4;5;89;10;80,1;400,5;242,35;158,15;39,5;Tienda Física;Tarjeta Crédito;Pendiente
356;20240318;16;17;3;1;5;1299;20;1039,2;5196;3129,25;2066,75;39,8;Online;QR;Pendiente
362;20230528;6;20;1;2;3;1899;10;1709,1;5127,3;3480,96;1646,34;32,1;Online;Tarjeta Crédito;Pendiente
366;20230616;17;8;1;5;4;899;15;764,15;3056,6;1848,04;1208,56;39,5;Online;Efectivo;Pendiente
378;20230705;3;2;3;3;4;449;15;381,65;1526,6;995,08;531,52;34,8;Telefónico;Tarjeta Crédito;Pendiente
381;20240805;20;2;5;1;1;1199;15;1019,15;1019,15;740,05;279,1;27,4;Tienda Física;Efectivo;Pendiente
392;20241026;13;12;5;1;2;3599;5;3419,05;6838,1;4564,1;2274;33,3;Tienda Física;Transferencia;Pendiente
397;20240821;13;13;2;1;4;3599;5;3419,05;13676,2;8785,2;4891;35,8;Online;Efectivo;Pendiente
400;20240201;2;8;4;3;5;1499,5;20;1199,6;5998;4303,2;1694,8;28,3;Online;Tarjeta Crédito;Pendiente
404;20240327;2;19;1;4;4;1499,5;15;1274,58;5098,32;3406,04;1692,28;33,2;Telefónico;Tarjeta Débito;Pendiente
436;20230106;11;8;2;4;3;3299;20;2639,2;7917,6;5165,22;2752,38;34,8;Telefónico;Tarjeta Crédito;Pendiente
445;20240929;3;17;3;4;2;449;10;404,1;808,2;476,98;331,22;41;Online;Transferencia;Pendiente
447;20230616;6;6;3;5;1;1899;15;1614,15;1614,15;942,04;672,11;41,6;Online;Efectivo;Pendiente
457;20240814;14;9;2;1;1;549;10;494,1;494,1;304,42;189,68;38,4;Telefónico;Efectivo;Pendiente
464;20240223;13;20;6;5;3;3599;15;3059,15;9177,45;6939,3;2238,15;24,4;Online;Tarjeta Débito;Pendiente
468;20240820;10;18;5;3;3;199;20;159,2;477,6;301,68;175,92;36,8;Telefónico;Tarjeta Débito;Pendiente
476;20241029;1;18;1;4;3;2999,99;10;2699,99;8099,97;4617,75;3482,22;43;Telefónico;Tarjeta Crédito;Pendiente
498;20230112;14;10;5;2;1;549;10;494,1;494,1;288,08;206,02;41,7;Online;QR;Pendiente
519;20241108;19;9;1;3;2;2499;10;2249,1;4498,2;2966,66;1531,54;34;Tienda Física;Tarjeta Débito;Pendiente
535;20240104;3;16;5;1;5;449;5;426,55;2132,75;1128,15;1004,6;47,1;Online;QR;Pendiente
560;20240506;15;2;2;5;5;399;5;379,05;1895,25;1290,3;604,95;31,9;Online;QR;Pendiente
578;20230802;1;4;1;4;1;2999,99;15;2549,99;2549,99;1858,84;691,15;27,1;Telefónico;Transferencia;Pendiente
593;20230927;6;3;3;5;3;1899;10;1709,1;5127,3;3069,15;2058,15;40,1;Online;Efectivo;Pendiente
594;20230228;4;13;1;1;4;189;5;179,55;718,2;367,28;350,92;48,9;Telefónico;QR;Pendiente
598;20240119;16;15;2;3;3;1299;10;1169,1;3507,3;2201,55;1305,75;37,2;Telefónico;Efectivo;Pendiente
601;20240418;19;11;5;2;2;2499;15;2124,15;4248,3;2918,44;1329,86;31,3;Telefónico;QR;Pendiente
604;20230828;5;19;6;1;2;699;15;594,15;1188,3;670,82;517,48;43,5;Telefónico;Tarjeta Crédito;Pendiente
608;20241002;13;11;6;4;4;3599;5;3419,05;13676,2;7731,2;5945;43,5;Tienda Física;Tarjeta Débito;Pendiente
632;20240304;6;16;1;2;5;1899;20;1519,2;7596;5091,7;2504,3;33;Telefónico;Efectivo;Pendiente
633;20231013;4;2;1;1;5;189;15;160,65;803,25;472,6;330,65;41,2;Online;Efectivo;Pendiente
641;20240807;5;19;2;1;1;699;15;594,15;594,15;334,34;259,81;43,7;Telefónico;Efectivo;Pendiente
656;20240611;2;14;2;2;5;1499,5;5;1424,52;7122,6;3640,9;3481,7;48,9;Online;Tarjeta Débito;Pendiente
659;20230708;19;18;2;1;4;2499;20;1999,2;7996,8;5541,32;2455,48;30,7;Tienda Física;QR;Pendiente
661;20230615;19;1;4;1;1;2499;5;2374,05;2374,05;1491,14;882,91;37,2;Telefónico;Efectivo;Pendiente
662;20240801;13;16;6;1;4;3599;5;3419,05;13676,2;7170,68;6505,52;47,6;Telefónico;Efectivo;Pendiente
664;20240912;19;1;4;4;2;2499;20;1999,2;3998,4;2951,96;1046,44;26,2;Tienda Física;Tarjeta Crédito;Pendiente
674;20230314;1;8;5;3;4;2999,99;10;2699,99;10799,96;6222,68;4577,28;42,4;Telefónico;Tarjeta Crédito;Pendiente
686;20240119;10;15;5;1;2;199;15;169,15;338,3;249,76;88,54;26,2;Telefónico;Transferencia;Pendiente
709;20230504;17;5;4;3;3;899;10;809,1;2427,3;1603,17;824,13;34;Tienda Física;Tarjeta Crédito;Pendiente
720;20230208;6;18;6;3;2;1899;5;1804,05;3608,1;2036,24;1571,86;43,6;Online;Transferencia;Pendiente
723;20230203;19;2;2;3;3;2499;20;1999,2;5997,6;4486,29;1511,31;25,2;Tienda Física;Tarjeta Crédito;Pendiente
731;20240115;3;10;5;3;4;449;15;381,65;1526,6;1002,16;524,44;34,4;Tienda Física;Transferencia;Pendiente
758;20240222;14;20;3;1;1;549;10;494,1;494,1;253,5;240,6;48,7;Online;Tarjeta Débito;Pendiente
764;20230728;5;2;2;2;1;699;5;664,05;664,05;350,93;313,12;47,2;Telefónico;Transferencia;Pendiente
787;20230111;4;14;4;4;5;189;10;170,1;850,5;563,4;287,1;33,8;Online;Efectivo;Pendiente
789;20240918;11;18;1;3;4;3299;5;3134,05;12536,2;6246,84;6289,36;50,2;Telefónico;Tarjeta Crédito;Pendiente
791;20240107;20;15;2;3;4;1199;5;1139,05;4556,2;2957,28;1598,92;35,1;Telefónico;Tarjeta Crédito;Pendiente
800;20240327;12;8;2;5;4;2799;20;2239,2;8956,8;5549,16;3407,64;38;Online;Transferencia;Pendiente
24;20240325;1;6;6;3;4;2999,99;20;2399,99;9599,96;7007,76;2592,2;27;Telefónico;Tarjeta Débito;Completado
29;20230510;13;19;2;3;1;3599;15;3059,15;3059,15;1933,42;1125,73;36,8;Telefónico;QR;Completado
33;20241212;11;15;4;4;2;3299;10;2969,1;5938,2;3593,52;2344,68;39,5;Telefónico;Tarjeta Débito;Completado
46;20240105;13;9;4;3;1;3599;5;3419,05;3419,05;1633,5;1785,55;52,2;Telefónico;Efectivo;Completado
48;20240529;4;19;2;4;3;189;20;151,2;453,6;296,97;156,63;34,5;Telefónico;QR;Completado
50;20230328;19;8;1;3;5;2499;20;1999,2;9996;5925,25;4070,75;40,7;Telefónico;Efectivo;Completado
57;20230926;10;19;3;4;5;199;10;179,1;895,5;516,15;379,35;42,4;Telefónico;QR;Completado
59;20230724;7;7;6;4;3;4599;15;3909,15;11727,45;7835,55;3891,9;33,2;Telefónico;QR;Completado
94;20231004;5;4;6;1;3;699;20;559,2;1677,6;1128,54;549,06;32,7;Telefónico;Tarjeta Crédito;Completado
109;20240514;1;2;4;4;4;2999,99;15;2549,99;10199,96;5659,08;4540,88;44,5;Telefónico;Transferencia;Completado
128;20231206;11;8;3;2;1;3299;10;2969,1;2969,1;1902,35;1066,75;35,9;Telefónico;QR;Completado
135;20230407;17;6;1;2;4;899;5;854,05;3416,2;1995,12;1421,08;41,6;Telefónico;Tarjeta Débito;Completado
139;20241008;3;10;5;4;3;449;20;359,2;1077,6;640,59;437,01;40,6;Telefónico;QR;Completado
143;20240422;2;14;3;2;4;1499,5;10;1349,55;5398,2;3040,88;2357,32;43,7;Telefónico;Transferencia;Completado
153;20240329;6;3;5;3;1;1899;10;1709,1;1709,1;1061,19;647,91;37,9;Telefónico;QR;Completado
165;20231003;4;1;6;2;4;189;10;170,1;680,4;398,72;281,68;41,4;Telefónico;Efectivo;Completado
208;20230620;15;20;3;4;5;399;5;379,05;1895,25;1199,95;695,3;36,7;Telefónico;Tarjeta Débito;Completado
217;20240114;5;9;2;1;1;699;20;559,2;559,2;406,85;152,35;27,2;Telefónico;Efectivo;Completado
231;20231227;8;13;5;2;4;1099;10;989,1;3956,4;2553,72;1402,68;35,5;Telefónico;Tarjeta Crédito;Completado
241;20240904;2;6;3;1;2;1499,5;10;1349,55;2699,1;1436,04;1263,06;46,8;Telefónico;Transferencia;Completado
258;20230213;12;18;5;1;1;2799;20;2239,2;2239,2;1398,51;840,69;37,5;Telefónico;Tarjeta Crédito;Completado
267;20231016;16;17;6;3;5;1299;5;1234,05;6170,25;3716,85;2453,4;39,8;Telefónico;Efectivo;Completado
296;20231111;17;14;4;4;1;899;15;764,15;764,15;501,02;263,13;34,4;Telefónico;Tarjeta Débito;Completado
297;20230406;10;3;5;2;2;199;10;179,1;358,2;205,1;153,1;42,7;Telefónico;Efectivo;Completado
325;20230914;6;4;2;2;3;1899;10;1709,1;5127,3;3493,74;1633,56;31,9;Telefónico;Efectivo;Completado
328;20230713;16;2;1;1;2;1299;10;1169,1;2338,2;1282,8;1055,4;45,1;Telefónico;Transferencia;Completado
331;20230425;11;10;3;2;2;3299;15;2804,15;5608,3;4221;1387,3;24,7;Telefónico;Transferencia;Completado
341;20230304;12;1;4;1;3;2799;20;2239,2;6717,6;4890,45;1827,15;27,2;Telefónico;Transferencia;Completado
348;20230711;6;7;2;2;1;1899;5;1804,05;1804,05;884,31;919,74;51;Telefónico;Transferencia;Completado
367;20231120;9;14;4;4;1;89;10;80,1;80,1;52,65;27,45;34,3;Telefónico;Tarjeta Débito;Completado
369;20231118;4;16;2;3;5;189;20;151,2;756;597,75;158,25;20,9;Telefónico;Tarjeta Crédito;Completado
382;20240428;13;4;5;3;4;3599;15;3059,15;12236,6;6919,08;5317,52;43,5;Telefónico;Efectivo;Completado
385;20240126;14;10;2;1;5;549;5;521,55;2607,75;1735,05;872,7;33,5;Telefónico;Transferencia;Completado
391;20230507;5;2;2;1;4;699;10;629,1;2516,4;1528,12;988,28;39,3;Telefónico;Transferencia;Completado
398;20240501;11;4;4;1;1;3299;5;3134,05;3134,05;1756,61;1377,44;44;Telefónico;QR;Completado
399;20230415;20;20;6;3;5;1199;10;1079,1;5395,5;2945,75;2449,75;45,4;Telefónico;Transferencia;Completado
402;20240212;4;2;2;4;2;189;20;151,2;302,4;224,3;78,1;25,8;Telefónico;Transferencia;Completado
415;20240817;20;7;6;2;3;1199;5;1139,05;3417,15;1746,3;1670,85;48,9;Telefónico;Efectivo;Completado
424;20240804;1;3;2;2;4;2999,99;20;2399,99;9599,96;5649,4;3950,56;41,2;Telefónico;Transferencia;Completado
472;20240221;8;8;3;4;3;1099;10;989,1;2967,3;1836,87;1130,43;38,1;Telefónico;Tarjeta Crédito;Completado
474;20230829;19;9;2;2;4;2499;15;2124,15;8496,6;4897,36;3599,24;42,4;Telefónico;Tarjeta Débito;Completado
481;20240210;12;13;3;4;2;2799;10;2519,1;5038,2;2665,92;2372,28;47,1;Telefónico;Tarjeta Débito;Completado
489;20230629;11;8;3;3;3;3299;15;2804,15;8412,45;4983,09;3429,36;40,8;Telefónico;Transferencia;Completado
492;20230201;13;17;1;1;3;3599;10;3239,1;9717,3;5193,96;4523,34;46,5;Telefónico;Transferencia;Completado
494;20231222;16;15;5;3;5;1299;5;1234,05;6170,25;3098,25;3072;49,8;Telefónico;QR;Completado
504;20230207;11;3;2;1;3;3299;20;2639,2;7917,6;5230,41;2687,19;33,9;Telefónico;Transferencia;Completado
515;20230102;17;13;6;2;1;899;10;809,1;809,1;558,61;250,49;31;Telefónico;Tarjeta Débito;Completado
544;20230303;15;1;1;4;3;399;15;339,15;1017,45;742,65;274,8;27;Telefónico;Tarjeta Crédito;Completado
548;20230918;17;9;1;3;4;899;20;719,2;2876,8;2330,48;546,32;19;Telefónico;Tarjeta Crédito;Completado
549;20230619;11;13;6;2;1;3299;15;2804,15;2804,15;1736,73;1067,42;38,1;Telefónico;QR;Completado
550;20240330;8;19;2;4;3;1099;10;989,1;2967,3;1700,79;1266,51;42,7;Telefónico;Tarjeta Débito;Completado
553;20230612;1;11;4;4;3;2999,99;5;2849,99;8549,97;5392,08;3157,89;36,9;Telefónico;Tarjeta Crédito;Completado
554;20230727;4;5;2;1;5;189;10;170,1;850,5;475,7;374,8;44,1;Telefónico;QR;Completado
558;20240616;11;15;2;4;4;3299;20;2639,2;10556,8;6048,6;4508,2;42,7;Telefónico;Transferencia;Completado
577;20241030;19;16;5;4;4;2499;20;1999,2;7996,8;4857,88;3138,92;39,3;Telefónico;Tarjeta Débito;Completado
584;20230615;9;1;3;4;5;89;20;71,2;356;215;141;39,6;Telefónico;Transferencia;Completado
599;20230501;11;18;6;1;3;3299;10;2969,1;8907,3;5366,1;3541,2;39,8;Telefónico;Transferencia;Completado
620;20241216;15;12;2;3;2;399;5;379,05;758,1;387,96;370,14;48,8;Telefónico;Efectivo;Completado
621;20230407;5;20;2;4;4;699;20;559,2;2236,8;1472,48;764,32;34,2;Telefónico;Transferencia;Completado
639;20241005;8;16;4;1;5;1099;15;934,15;4670,75;2810,95;1859,8;39,8;Telefónico;Transferencia;Completado
643;20241026;6;19;1;1;1;1899;5;1804,05;1804,05;1080,52;723,53;40,1;Telefónico;Tarjeta Débito;Completado
653;20230220;4;2;5;2;2;189;20;151,2;302,4;172,3;130,1;43;Telefónico;Efectivo;Completado
666;20240917;7;3;5;3;1;4599;10;4139,1;4139,1;2939,06;1200,04;29;Telefónico;Tarjeta Crédito;Completado
700;20240605;12;10;6;3;2;2799;20;2239,2;4478,4;3013,9;1464,5;32,7;Telefónico;QR;Completado
735;20231215;3;7;4;3;3;449;15;381,65;1144,95;649,41;495,54;43,3;Telefónico;QR;Completado
757;20241203;15;3;1;4;2;399;20;319,2;638,4;410,7;227,7;35,7;Telefónico;Transferencia;Completado
763;20240419;6;11;6;4;2;1899;10;1709,1;3418,2;2357,06;1061,14;31;Telefónico;Transferencia;Completado
769;20230204;3;15;6;4;4;449;15;381,65;1526,6;1151,32;375,28;24,6;Telefónico;Efectivo;Completado
772;20230126;7;6;4;4;3;4599;15;3909,15;11727,45;8285,25;3442,2;29,4;Telefónico;Tarjeta Débito;Completado
782;20230709;16;15;6;4;5;1299;15;1104,15;5520,75;3555;1965,75;35,6;Telefónico;QR;Completado
784;20230819;16;5;6;2;4;1299;20;1039,2;4156,8;2988,8;1168;28,1;Telefónico;Tarjeta Débito;Completado
795;20240902;8;16;3;3;3;1099;20;879,2;2637,6;1514,43;1123,17;42,6;Telefónico;Tarjeta Crédito;Completado
4;20240825;8;19;2;1;1;1099;15;934,15;934,15;633,27;300,88;32,2;Tienda Física;Efectivo;Completado
7;20240523;2;4;1;4;3;1499,5;20;1199,6;3598,8;2799,57;799,23;22,2;Tienda Física;Tarjeta Débito;Completado
34;20231108;17;20;3;1;2;899;15;764,15;1528,3;920,72;607,58;39,8;Tienda Física;Tarjeta Débito;Completado
47;20230904;3;2;1;2;2;449;20;359,2;718,4;407,76;310,64;43,2;Tienda Física;Tarjeta Débito;Completado
65;20240412;10;19;5;1;5;199;15;169,15;845,75;467,5;378,25;44,7;Tienda Física;Tarjeta Débito;Completado
67;20240526;10;2;2;3;3;199;15;169,15;507,45;371,28;136,17;26,8;Tienda Física;Tarjeta Débito;Completado
76;20230813;9;18;2;3;4;89;15;75,65;302,6;194,72;107,88;35,7;Tienda Física;QR;Completado
79;20240511;18;5;4;2;5;749;10;674,1;3370,5;2244,2;1126,3;33,4;Tienda Física;Efectivo;Completado
83;20241221;5;16;1;2;5;699;10;629,1;3145,5;1804,8;1340,7;42,6;Tienda Física;Transferencia;Completado
96;20240628;9;6;3;4;3;89;15;75,65;226,95;166,62;60,33;26,6;Tienda Física;Transferencia;Completado
105;20230817;19;7;2;3;2;2499;20;1999,2;3998,4;3149,28;849,12;21,2;Tienda Física;Tarjeta Crédito;Completado
149;20230602;2;10;4;2;4;1499,5;5;1424,52;5698,08;3437,28;2260,8;39,7;Tienda Física;Efectivo;Completado
163;20230522;3;8;6;3;3;449;5;426,55;1279,65;861,93;417,72;32,6;Tienda Física;QR;Completado
179;20230930;5;4;1;3;4;699;20;559,2;2236,8;1602,32;634,48;28,4;Tienda Física;Tarjeta Débito;Completado
185;20240107;18;12;2;2;5;749;10;674,1;3370,5;1985,9;1384,6;41,1;Tienda Física;Efectivo;Completado
198;20230302;4;14;3;4;1;189;15;160,65;160,65;114,18;46,47;28,9;Tienda Física;QR;Completado
202;20241126;18;17;4;2;5;749;5;711,55;3557,75;1889,6;1668,15;46,9;Tienda Física;Tarjeta Crédito;Completado
218;20230816;3;4;5;1;4;449;10;404,1;1616,4;1049,6;566,8;35,1;Tienda Física;Tarjeta Débito;Completado
227;20230822;7;4;6;4;2;4599;15;3909,15;7818,3;5250,96;2567,34;32,8;Tienda Física;Transferencia;Completado
233;20241127;2;17;1;1;1;1499,5;20;1199,6;1199,6;676,69;522,91;43,6;Tienda Física;Tarjeta Débito;Completado
259;20241203;20;2;5;4;3;1199;20;959,2;2877,6;1928,31;949,29;33;Tienda Física;Efectivo;Completado
263;20231215;3;10;1;1;1;449;20;359,2;359,2;232,86;126,34;35,2;Tienda Física;Tarjeta Débito;Completado
264;20240715;6;18;2;3;5;1899;5;1804,05;9020,25;6092,85;2927,4;32,5;Tienda Física;Transferencia;Completado
268;20240120;15;20;2;3;5;399;10;359,1;1795,5;931,55;863,95;48,1;Tienda Física;Tarjeta Crédito;Completado
277;20241117;14;6;5;2;2;549;20;439,2;878,4;539,54;338,86;38,6;Tienda Física;QR;Completado
279;20230419;5;14;1;3;2;699;15;594,15;1188,3;871,26;317,04;26,7;Tienda Física;Tarjeta Débito;Completado
304;20240824;14;8;3;2;4;549;15;466,65;1866,6;1128,72;737,88;39,5;Tienda Física;QR;Completado
307;20230925;15;12;5;4;2;399;15;339,15;678,3;502,82;175,48;25,9;Tienda Física;Tarjeta Débito;Completado
310;20230220;8;17;4;3;4;1099;15;934,15;3736,6;2052,84;1683,76;45,1;Tienda Física;QR;Completado
312;20231015;11;13;6;3;3;3299;5;3134,05;9402,15;4991,97;4410,18;46,9;Tienda Física;Tarjeta Débito;Completado
313;20240926;4;5;1;2;4;189;5;179,55;718,2;387,68;330,52;46;Tienda Física;QR;Completado
318;20240928;9;3;1;1;2;89;15;75,65;151,3;95,88;55,42;36,6;Tienda Física;Efectivo;Completado
355;20230530;10;15;3;3;4;199;10;179,1;716,4;460,96;255,44;35,7;Tienda Física;Transferencia;Completado
357;20230531;17;19;1;2;2;899;20;719,2;1438,4;881,28;557,12;38,7;Tienda Física;Tarjeta Débito;Completado
371;20231119;15;4;4;1;5;399;10;359,1;1795,5;1274,55;520,95;29;Tienda Física;Transferencia;Completado
373;20240110;14;19;4;2;3;549;20;439,2;1317,6;976,89;340,71;25,9;Tienda Física;Transferencia;Completado
374;20241116;6;11;6;1;1;1899;5;1804,05;1804,05;958,44;845,61;46,9;Tienda Física;QR;Completado
379;20230530;11;16;3;2;2;3299;20;2639,2;5278,4;3501,42;1776,98;33,7;Tienda Física;Tarjeta Débito;Completado
388;20230216;10;12;6;3;4;199;15;169,15;676,6;376,64;299,96;44,3;Tienda Física;Efectivo;Completado
405;20230106;17;2;5;4;5;899;5;854,05;4270,25;2853,75;1416,5;33,2;Tienda Física;QR;Completado
411;20241228;2;7;3;2;3;1499,5;15;1274,58;3823,74;2249,76;1573,98;41,2;Tienda Física;Tarjeta Crédito;Completado
419;20230723;17;3;5;2;4;899;10;809,1;3236,4;2004,44;1231,96;38,1;Tienda Física;Tarjeta Crédito;Completado
440;20240203;13;8;5;3;2;3599;5;3419,05;6838,1;3960,52;2877,58;42,1;Tienda Física;Transferencia;Completado
442;20241217;5;16;3;1;2;699;20;559,2;1118,4;765,44;352,96;31,6;Tienda Física;Tarjeta Crédito;Completado
443;20230915;2;7;5;3;4;1499,5;5;1424,52;5698,08;3800,2;1897,88;33,3;Tienda Física;Efectivo;Completado
461;20240309;5;4;6;2;4;699;20;559,2;2236,8;1649,24;587,56;26,3;Tienda Física;Efectivo;Completado
469;20240315;19;1;3;2;4;2499;10;2249,1;8996,4;4711,04;4285,36;47,6;Tienda Física;QR;Completado
471;20230926;11;15;6;4;5;3299;20;2639,2;13196;7513;5683;43,1;Tienda Física;Tarjeta Crédito;Completado
493;20230909;8;10;4;2;2;1099;10;989,1;1978,2;1357,72;620,48;31,4;Tienda Física;Efectivo;Completado
501;20231114;4;15;5;4;3;189;15;160,65;481,95;325,77;156,18;32,4;Tienda Física;Tarjeta Crédito;Completado
507;20241114;2;18;5;1;3;1499,5;5;1424,52;4273,56;2598,81;1674,75;39,2;Tienda Física;Tarjeta Crédito;Completado
552;20230610;19;6;3;1;5;2499;10;2249,1;11245,5;7993,3;3252,2;28,9;Tienda Física;Tarjeta Débito;Completado
556;20241019;16;12;2;4;4;1299;5;1234,05;4936,2;2481,12;2455,08;49,7;Tienda Física;Tarjeta Débito;Completado
597;20231012;12;13;2;3;3;2799;5;2659,05;7977,15;4597,38;3379,77;42,4;Tienda Física;Transferencia;Completado
612;20230906;6;14;5;1;5;1899;5;1804,05;9020,25;5880,85;3139,4;34,8;Tienda Física;QR;Completado
619;20230528;20;9;3;3;1;1199;15;1019,15;1019,15;566,3;452,85;44,4;Tienda Física;QR;Completado
626;20230803;17;11;6;2;3;899;10;809,1;2427,3;1219,35;1207,95;49,8;Tienda Física;Efectivo;Completado
638;20240301;4;12;4;1;4;189;15;160,65;642,6;368,84;273,76;42,6;Tienda Física;Tarjeta Débito;Completado
673;20240329;18;5;4;3;4;749;5;711,55;2846,2;1790,24;1055,96;37,1;Tienda Física;Tarjeta Crédito;Completado
687;20231113;6;14;6;4;2;1899;20;1519,2;3038,4;2155,12;883,28;29,1;Tienda Física;Tarjeta Débito;Completado
688;20231129;16;17;3;1;5;1299;20;1039,2;5196;3410,9;1785,1;34,4;Tienda Física;Transferencia;Completado
690;20240617;2;10;5;3;4;1499,5;10;1349,55;5398,2;3586,64;1811,56;33,6;Tienda Física;Efectivo;Completado
694;20230630;19;2;2;3;4;2499;15;2124,15;8496,6;4769,08;3727,52;43,9;Tienda Física;Efectivo;Completado
695;20240129;14;12;1;3;3;549;10;494,1;1482,3;951,63;530,67;35,8;Tienda Física;QR;Completado
699;20240726;18;18;6;1;4;749;5;711,55;2846,2;1897,08;949,12;33,3;Tienda Física;Tarjeta Débito;Completado
711;20240319;10;14;2;1;4;199;15;169,15;676,6;416,68;259,92;38,4;Tienda Física;Transferencia;Completado
729;20240806;7;10;3;1;3;4599;10;4139,1;12417,3;7317,99;5099,31;41,1;Tienda Física;QR;Completado
739;20231123;3;14;3;1;4;449;20;359,2;1436,8;1068,36;368,44;25,6;Tienda Física;Tarjeta Débito;Completado
741;20230517;11;11;5;4;2;3299;5;3134,05;6268,1;3256,78;3011,32;48;Tienda Física;Tarjeta Débito;Completado
748;20240508;1;2;6;2;4;2999,99;20;2399,99;9599,96;6938,6;2661,36;27,7;Tienda Física;Transferencia;Completado
751;20230407;14;12;2;4;4;549;20;439,2;1756,8;1376,6;380,2;21,6;Tienda Física;Efectivo;Completado
765;20230510;16;2;4;3;5;1299;5;1234,05;6170,25;3517,4;2652,85;43;Tienda Física;Tarjeta Débito;Completado
771;20230306;3;18;5;4;1;449;5;426,55;426,55;224,96;201,59;47,3;Tienda Física;Transferencia;Completado
774;20230809;16;15;4;4;3;1299;10;1169,1;3507,3;2221,56;1285,74;36,7;Tienda Física;Transferencia;Completado
793;20230425;14;16;3;2;2;549;10;494,1;988,2;504,44;483,76;49;Tienda Física;Tarjeta Crédito;Completado
798;20231117;15;17;4;1;2;399;15;339,15;678,3;417,16;261,14;38,5;Tienda Física;Efectivo;Completado
14;20241007;2;20;1;4;5;1499,5;10;1349,55;6747,75;4157,8;2589,95;38,4;Online;Tarjeta Débito;Completado
16;20241106;19;4;1;5;2;2499;10;2249,1;4498,2;2514,2;1984;44,1;Online;Efectivo;Completado
17;20240207;10;6;4;5;3;199;10;179,1;537,3;386,13;151,17;28,1;Online;QR;Completado
23;20230821;8;4;3;5;4;1099;10;989,1;3956,4;2637,16;1319,24;33,3;Online;Tarjeta Débito;Completado
39;20240504;9;8;6;3;5;89;5;84,55;422,75;256,05;166,7;39,4;Online;Transferencia;Completado
44;20230703;15;5;5;5;1;399;5;379,05;379,05;226,78;152,27;40,2;Online;Efectivo;Completado
49;20230701;10;4;5;1;3;199;10;179,1;537,3;349,53;187,77;34,9;Online;Transferencia;Completado
73;20240526;12;14;3;3;1;2799;20;2239,2;2239,2;1349,58;889,62;39,7;Online;Transferencia;Completado
75;20230103;18;15;4;1;2;749;10;674,1;1348,2;782,48;565,72;42;Online;Transferencia;Completado
78;20241204;5;16;6;3;5;699;15;594,15;2970,75;1763,85;1206,9;40,6;Online;Transferencia;Completado
81;20230615;15;18;4;3;3;399;10;359,1;1077,3;721,29;356,01;33;Online;Transferencia;Completado
88;20240213;14;5;2;5;4;549;10;494,1;1976,4;1287,64;688,76;34,8;Online;Tarjeta Débito;Completado
97;20230606;8;13;5;3;1;1099;20;879,2;879,2;581,28;297,92;33,9;Online;QR;Completado
99;20240901;11;20;2;1;4;3299;15;2804,15;11216,6;6735,76;4480,84;39,9;Online;Efectivo;Completado
112;20230826;14;15;2;4;3;549;20;439,2;1317,6;890,52;427,08;32,4;Online;Efectivo;Completado
117;20240412;18;20;5;5;1;749;10;674,1;674,1;476,23;197,87;29,4;Online;Tarjeta Crédito;Completado
119;20230607;1;3;6;5;2;2999,99;5;2849,99;5699,98;3203,78;2496,2;43,8;Online;Tarjeta Débito;Completado
121;20231026;15;14;4;5;4;399;5;379,05;1516,2;805,4;710,8;46,9;Online;Efectivo;Completado
123;20241012;2;1;2;3;2;1499,5;20;1199,6;2399,2;1431,86;967,34;40,3;Online;Tarjeta Crédito;Completado
130;20230715;16;15;5;5;4;1299;15;1104,15;4416,6;3298,6;1118;25,3;Online;QR;Completado
131;20241112;11;5;4;1;4;3299;5;3134,05;12536,2;7604,56;4931,64;39,3;Online;QR;Completado
144;20240804;8;10;4;2;3;1099;15;934,15;2802,45;2108,19;694,26;24,8;Online;Transferencia;Completado
150;20230826;5;18;6;5;5;699;5;664,05;3320,25;1650,45;1669,8;50,3;Online;Tarjeta Débito;Completado
158;20230224;11;9;1;3;4;3299;5;3134,05;12536,2;7899,92;4636,28;37;Online;Tarjeta Crédito;Completado
159;20240623;16;12;5;3;1;1299;15;1104,15;1104,15;694,84;409,31;37,1;Online;QR;Completado
161;20230704;15;12;4;1;3;399;10;359,1;1077,3;777,6;299,7;27,8;Online;Efectivo;Completado
167;20240429;3;11;6;3;1;449;10;404,1;404,1;250,74;153,36;38;Online;Tarjeta Débito;Completado
170;20240322;14;19;1;2;3;549;15;466,65;1399,95;765,57;634,38;45,3;Online;QR;Completado
180;20240919;11;7;2;4;5;3299;5;3134,05;15670,25;9068,15;6602,1;42,1;Online;Transferencia;Completado
188;20240903;10;16;1;3;3;199;15;169,15;507,45;281,73;225,72;44,5;Online;QR;Completado
192;20230313;5;17;2;5;3;699;15;594,15;1782,45;1144,29;638,16;35,8;Online;Tarjeta Crédito;Completado
195;20230516;19;18;4;4;3;2499;20;1999,2;5997,6;4580,1;1417,5;23,6;Online;Efectivo;Completado
214;20231111;14;6;2;4;3;549;5;521,55;1564,65;888,9;675,75;43,2;Online;Transferencia;Completado
224;20240902;14;14;5;5;2;549;5;521,55;1043,1;547,44;495,66;47,5;Online;Tarjeta Crédito;Completado
226;20230324;7;19;6;5;2;4599;5;4369,05;8738,1;4523,38;4214,72;48,2;Online;Tarjeta Crédito;Completado
230;20230901;5;1;3;5;5;699;10;629,1;3145,5;2076,05;1069,45;34;Online;Tarjeta Débito;Completado
242;20231124;6;19;2;5;4;1899;15;1614,15;6456,6;4780,2;1676,4;26;Online;Transferencia;Completado
245;20230725;19;13;1;5;3;2499;20;1999,2;5997,6;3743,19;2254,41;37,6;Online;Efectivo;Completado
248;20230427;1;3;3;5;1;2999,99;10;2699,99;2699,99;1708,82;991,17;36,7;Online;Transferencia;Completado
249;20231116;14;13;1;5;2;549;10;494,1;988,2;608,54;379,66;38,4;Online;Transferencia;Completado
251;20240610;3;12;3;2;4;449;10;404,1;1616,4;1029,72;586,68;36,3;Online;Efectivo;Completado
254;20231215;10;16;5;2;3;199;5;189,05;567,15;302,13;265,02;46,7;Online;Tarjeta Crédito;Completado
265;20230725;14;13;1;5;2;549;5;521,55;1043,1;624,14;418,96;40,2;Online;Efectivo;Completado
270;20240222;14;6;4;5;2;549;10;494,1;988,2;530,74;457,46;46,3;Online;Tarjeta Débito;Completado
272;20241210;16;14;6;4;4;1299;15;1104,15;4416,6;3211;1205,6;27,3;Online;Tarjeta Débito;Completado
280;20230930;13;16;2;5;3;3599;15;3059,15;9177,45;5753,13;3424,32;37,3;Online;Efectivo;Completado
282;20241120;12;3;5;4;2;2799;5;2659,05;5318,1;3442,6;1875,5;35,3;Online;Tarjeta Crédito;Completado
283;20231108;11;18;5;2;5;3299;20;2639,2;13196;9023,9;4172,1;31,6;Online;Efectivo;Completado
284;20230423;15;1;1;2;4;399;5;379,05;1516,2;718,4;797,8;52,6;Online;Tarjeta Débito;Completado
289;20230529;5;3;5;5;1;699;10;629,1;629,1;405,42;223,68;35,6;Online;Tarjeta Crédito;Completado
300;20231013;6;12;2;3;1;1899;20;1519,2;1519,2;1196,33;322,87;21,3;Online;Transferencia;Completado
311;20241122;13;3;5;5;1;3599;5;3419,05;3419,05;2096,38;1322,67;38,7;Online;Tarjeta Débito;Completado
319;20230517;2;15;1;2;5;1499,5;5;1424,52;7122,6;4606;2516,6;35,3;Online;Transferencia;Completado
321;20241104;20;8;6;3;4;1199;5;1139,05;4556,2;3004,96;1551,24;34;Online;Efectivo;Completado
323;20240127;16;18;4;3;5;1299;10;1169,1;5845,5;3340,5;2505;42,9;Online;Tarjeta Débito;Completado
329;20231229;20;7;2;3;2;1199;20;959,2;1918,4;1484,02;434,38;22,6;Online;Efectivo;Completado
332;20230712;18;20;3;2;5;749;20;599,2;2996;1816,6;1179,4;39,4;Online;Tarjeta Crédito;Completado
346;20230312;13;17;4;5;4;3599;10;3239,1;12956,4;9016,64;3939,76;30,4;Online;Tarjeta Crédito;Completado
350;20231031;17;15;1;5;5;899;10;809,1;4045,5;2725,5;1320;32,6;Online;Transferencia;Completado
351;20230614;19;19;5;1;1;2499;10;2249,1;2249,1;1514,17;734,93;32,7;Online;QR;Completado
353;20230609;20;20;6;4;1;1199;5;1139,05;1139,05;752,87;386,18;33,9;Online;Tarjeta Débito;Completado
364;20230426;1;17;6;3;5;2999,99;15;2549,99;12749,95;8531,3;4218,65;33,1;Online;Tarjeta Crédito;Completado
375;20240616;3;5;5;4;4;449;5;426,55;1706,2;962,32;743,88;43,6;Online;Transferencia;Completado
384;20230512;10;4;1;4;2;199;10;179,1;358,2;195;163,2;45,6;Online;QR;Completado
386;20230916;1;1;6;1;1;2999,99;20;2399,99;2399,99;1694,49;705,5;29,4;Online;Tarjeta Débito;Completado
390;20230722;4;13;4;4;3;189;20;151,2;453,6;298,89;154,71;34,1;Online;Transferencia;Completado
394;20230904;11;17;5;5;1;3299;5;3134,05;3134,05;1921,15;1212,9;38,7;Online;Transferencia;Completado
410;20241225;14;18;3;4;1;549;10;494,1;494,1;258,74;235,36;47,6;Online;Tarjeta Débito;Completado
420;20230824;11;11;3;3;2;3299;20;2639,2;5278,4;3784,98;1493,42;28,3;Online;QR;Completado
426;20230322;19;8;3;4;4;2499;5;2374,05;9496,2;5758,12;3738,08;39,4;Online;Tarjeta Crédito;Completado
427;20240229;4;18;1;5;1;189;20;151,2;151,2;113,25;37,95;25,1;Online;Efectivo;Completado
435;20231226;20;10;6;5;2;1199;10;1079,1;2158,2;1350,96;807,24;37,4;Online;Transferencia;Completado
444;20230427;17;9;6;3;5;899;10;809,1;4045,5;2535,3;1510,2;37,3;Online;Transferencia;Completado
451;20230830;14;20;2;5;2;549;10;494,1;988,2;638,96;349,24;35,3;Online;Tarjeta Débito;Completado
460;20240828;16;6;3;5;5;1299;5;1234,05;6170,25;3252,4;2917,85;47,3;Online;QR;Completado
467;20240311;12;13;4;5;2;2799;10;2519,1;5038,2;2536,3;2501,9;49,7;Online;Efectivo;Completado
473;20231112;3;13;6;3;1;449;10;404,1;404,1;285,69;118,41;29,3;Online;Tarjeta Crédito;Completado
483;20230112;6;14;4;2;5;1899;10;1709,1;8545,5;5641,1;2904,4;34;Online;Tarjeta Crédito;Completado
485;20240504;11;9;3;3;5;3299;10;2969,1;14845,5;10496,9;4348,6;29,3;Online;Tarjeta Crédito;Completado
486;20240323;4;12;6;5;2;189;10;170,1;340,2;213,64;126,56;37,2;Online;QR;Completado
488;20231111;15;5;2;3;4;399;15;339,15;1356,6;913,64;442,96;32,7;Online;Efectivo;Completado
495;20241003;20;15;6;5;4;1199;10;1079,1;4316,4;2771,88;1544,52;35,8;Online;Tarjeta Crédito;Completado
497;20230102;17;5;3;3;4;899;10;809,1;3236,4;1624,2;1612,2;49,8;Online;Transferencia;Completado
500;20241028;9;10;6;5;3;89;5;84,55;253,65;130,2;123,45;48,7;Online;Tarjeta Débito;Completado
505;20230731;9;13;1;1;2;89;5;84,55;169,1;107,56;61,54;36,4;Online;Tarjeta Débito;Completado
506;20230808;15;4;5;2;4;399;5;379,05;1516,2;935,72;580,48;38,3;Online;Tarjeta Crédito;Completado
509;20240307;8;1;1;5;4;1099;15;934,15;3736,6;2502,4;1234,2;33;Online;Efectivo;Completado
510;20230625;16;3;6;5;3;1299;20;1039,2;3117,6;2240,88;876,72;28,1;Online;Tarjeta Crédito;Completado
511;20240807;4;5;4;2;3;189;10;170,1;510,3;344,58;165,72;32,5;Online;Transferencia;Completado
516;20230314;18;13;2;5;4;749;20;599,2;2396,8;1678,64;718,16;30;Online;Tarjeta Crédito;Completado
523;20240829;14;4;6;5;3;549;15;466,65;1399,95;892,26;507,69;36,3;Online;Transferencia;Completado
524;20230704;6;18;4;5;3;1899;15;1614,15;4842,45;2743,89;2098,56;43,3;Online;Transferencia;Completado
526;20240816;7;13;5;3;3;4599;5;4369,05;13107,15;7443,48;5663,67;43,2;Online;Efectivo;Completado
528;20230127;9;18;5;5;5;89;10;80,1;400,5;214;186,5;46,6;Online;Transferencia;Completado
530;20240311;19;7;6;1;3;2499;20;1999,2;5997,6;4097,16;1900,44;31,7;Online;QR;Completado
532;20240329;4;8;6;5;1;189;15;160,65;160,65;114,44;46,21;28,8;Online;Efectivo;Completado
539;20230707;12;20;4;5;2;2799;5;2659,05;5318,1;2569,34;2748,76;51,7;Online;Tarjeta Débito;Completado
540;20230623;3;4;6;1;2;449;10;404,1;808,2;570,54;237,66;29,4;Online;Efectivo;Completado
546;20240802;3;6;2;5;4;449;10;404,1;1616,4;1140,96;475,44;29,4;Online;Efectivo;Completado
559;20240305;20;19;5;5;5;1199;15;1019,15;5095,75;3747,8;1347,95;26,5;Online;QR;Completado
563;20230507;6;19;6;5;2;1899;5;1804,05;3608,1;2023,24;1584,86;43,9;Online;Efectivo;Completado
567;20230610;6;2;4;3;3;1899;15;1614,15;4842,45;3439,44;1403,01;29;Online;Tarjeta Crédito;Completado
570;20230109;8;18;3;5;5;1099;20;879,2;4396;3379,7;1016,3;23,1;Online;Tarjeta Débito;Completado
571;20230306;12;2;2;1;5;2799;20;2239,2;11196;7986,35;3209,65;28,7;Online;Efectivo;Completado
573;20230715;15;19;3;1;1;399;20;319,2;319,2;203,43;115,77;36,3;Online;Transferencia;Completado
579;20230222;11;12;5;2;1;3299;15;2804,15;2804,15;1617,29;1186,86;42,3;Online;Tarjeta Crédito;Completado
581;20241031;1;6;2;3;3;2999,99;15;2549,99;7649,97;4912,38;2737,59;35,8;Online;Efectivo;Completado
588;20231225;5;4;5;2;2;699;15;594,15;1188,3;639,32;548,98;46,2;Online;QR;Completado
606;20240112;3;19;1;5;5;449;5;426,55;2132,75;1390,85;741,9;34,8;Online;Efectivo;Completado
611;20241018;14;20;2;4;5;549;5;521,55;2607,75;1538,35;1069,4;41;Online;Transferencia;Completado
614;20240607;3;5;6;5;3;449;5;426,55;1279,65;745,41;534,24;41,7;Online;QR;Completado
616;20240525;15;17;4;5;3;399;5;379,05;1137,15;623,13;514,02;45,2;Online;Tarjeta Crédito;Completado
624;20240503;13;11;5;1;1;3599;10;3239,1;3239,1;2078,37;1160,73;35,8;Online;QR;Completado
628;20230130;20;3;1;5;2;1199;10;1079,1;2158,2;1385,12;773,08;35,8;Online;Efectivo;Completado
635;20240713;16;16;4;4;1;1299;10;1169,1;1169,1;643,23;525,87;45;Online;Transferencia;Completado
651;20240520;7;9;1;2;1;4599;20;3679,2;3679,2;2206,8;1472,4;40;Online;Transferencia;Completado
671;20240205;3;7;4;1;1;449;5;426,55;426,55;282,69;143,86;33,7;Online;Efectivo;Completado
675;20241005;17;18;4;4;3;899;10;809,1;2427,3;1284,84;1142,46;47,1;Online;Tarjeta Débito;Completado
678;20240425;9;12;2;2;5;89;15;75,65;378,25;203,35;174,9;46,2;Online;Tarjeta Crédito;Completado
681;20240915;5;19;6;4;3;699;15;594,15;1782,45;990,75;791,7;44,4;Online;Efectivo;Completado
682;20240822;4;10;1;4;5;189;20;151,2;756;466,9;289,1;38,2;Online;Efectivo;Completado
683;20230306;20;7;5;5;2;1199;20;959,2;1918,4;1527,84;390,56;20,4;Online;Tarjeta Débito;Completado
691;20230621;9;10;6;4;1;89;15;75,65;75,65;51,9;23,75;31,4;Online;Transferencia;Completado
704;20231127;1;4;1;5;2;2999,99;10;2699,99;5399,98;3781,4;1618,58;30;Online;Tarjeta Crédito;Completado
706;20240702;19;3;1;5;1;2499;10;2249,1;2249,1;1233,01;1016,09;45,2;Online;Tarjeta Crédito;Completado
713;20230706;3;12;2;3;2;449;10;404,1;808,2;555,68;252,52;31,2;Online;Efectivo;Completado
722;20230307;13;9;4;5;4;3599;10;3239,1;12956,4;8425,96;4530,44;35;Online;Tarjeta Crédito;Completado
727;20240216;19;13;3;5;1;2499;20;1999,2;1999,2;1368,63;630,57;31,5;Online;Tarjeta Débito;Completado
730;20240920;4;19;3;3;1;189;10;170,1;170,1;115,33;54,77;32,2;Online;Transferencia;Completado
733;20240626;7;15;3;5;5;4599;20;3679,2;18396;13884,95;4511,05;24,5;Online;QR;Completado
742;20231030;15;14;3;5;1;399;5;379,05;379,05;222,12;156,93;41,4;Online;Efectivo;Completado
743;20240816;14;16;6;2;3;549;20;439,2;1317,6;1049,79;267,81;20,3;Online;Transferencia;Completado
762;20240626;9;12;4;3;3;89;10;80,1;240,3;164,46;75,84;31,6;Online;QR;Completado
767;20230823;19;1;5;5;2;2499;5;2374,05;4748,1;3169,14;1578,96;33,3;Online;Transferencia;Completado
776;20240622;17;17;1;3;4;899;5;854,05;3416,2;1675,16;1741,04;51;Online;Tarjeta Crédito;Completado
778;20230502;17;14;4;1;4;899;15;764,15;3056,6;2136,24;920,36;30,1;Online;Tarjeta Crédito;Completado
780;20240329;10;11;5;4;4;199;10;179,1;716,4;486,8;229,6;32;Online;Tarjeta Débito;Completado
781;20230724;3;20;3;1;4;449;10;404,1;1616,4;814,64;801,76;49,6;Online;Efectivo;Completado
